,magnitude,data,hora,periodo,depth,felt,continent,latitude,longitude,mmi,cdi
0,4.8,2024-09-17,00:49:42,Noite,4.044,1893,North America,32.3984,-102.044,5,6
1,5.1,2024-09-17,00:49:42,Noite,6.1279,2042,North America,32.414,-102.057,5,6
2,3.7,2024-09-16,11:22:08,Manhã,10.9,1580,North America,34.0678,-118.807,4,4
3,3.9,2024-09-14,17:01:06,Tarde,6.2024,5,North America,31.647,-104.45,4,3
4,4.1,2024-09-14,17:01:06,Tarde,8.814,4,North America,31.6323,-104.473,4,3
5,3.23,2024-09-13,11:56:39,Manhã,10.95,472,North America,34.0637,-118.812,3,4
6,3.43,2024-09-12,16:37:32,Tarde,11.02,234,North America,34.0588,-118.799,3,4
7,3.44,2024-09-12,15:40:49,Tarde,10.93,225,North America,34.0682,-118.8,3,4
8,4.69,2024-09-12,14:28:21,Tarde,11.35,18592,North America,34.0703,-118.808,5,5
9,3.5,2024-09-11,08:31:01,Manhã,11.8,0,North America,37.6127,-115.303,3,0
10,3.8,2024-09-10,18:03:00,Noite,6.1511,5,North America,31.641,-104.356,4,3
11,3.3,2024-09-09,09:50:37,Manhã,7.0227,1,North America,31.586,-104.55,4,3
12,3.8,2024-09-08,02:37:22,Noite,6.0999,2,North America,31.663,-104.452,4,3
13,3.9,2024-09-08,02:37:22,Noite,10.0,1,North America,31.6305,-104.466,4,3
14,3.35,2024-09-08,02:16:27,Noite,4.98,13,North America,41.5833,-112.42,4,4
15,3.94,2024-09-07,17:34:20,Tarde,4.84,2756,North America,34.0297,-117.586,5,5
16,3.45,2024-09-07,17:05:45,Tarde,5.96,824,North America,34.0227,-117.593,4,4
17,3.09,2024-09-07,14:31:32,Tarde,-0.25,6,North America,38.7893,-122.734,4,4
18,4.28,2024-09-07,14:30:36,Tarde,0.16,241,North America,38.7765,-122.746,5,5
19,3.17,2024-09-07,06:03:42,Manhã,-0.1,11,North America,33.7255,-118.599,2,3
20,3.47,2024-09-06,12:07:06,Tarde,5.29,49,North America,38.6982,-119.598,4,3
21,3.32,2024-09-05,20:04:29,Noite,11.39,27,North America,36.07,-120.167,3,3
22,3.1,2024-09-04,21:31:11,Noite,8.3,0,North America,37.741,-117.142,3,0
23,3.1,2024-09-04,21:31:10,Noite,5.0,0,North America,37.743,-117.134,3,0
24,3.0,2024-09-04,21:30:35,Noite,5.0,0,North America,37.7769,-117.067,3,0
25,3.46,2024-09-03,12:11:58,Tarde,9.43,11,North America,37.432,-118.758,3,3
26,3.14,2024-09-02,11:34:26,Manhã,-0.11,5,North America,33.7102,-118.628,2,3
27,3.4,2024-09-01,11:01:44,Manhã,3.36,71,North America,37.4332,-118.469,4,3
28,3.5,2024-09-01,08:47:07,Manhã,23.624,4,North America,47.3504,-113.16,3,3
29,3.4,2024-08-31,10:01:04,Manhã,6.0999,0,North America,31.608,-103.99,4,0
30,3.6,2024-08-31,10:01:04,Manhã,9.724,0,North America,31.6125,-103.986,4,0
31,3.6,2024-08-31,07:56:25,Manhã,9.194,0,North America,31.6465,-104.339,4,0
32,3.3,2024-08-31,07:56:24,Manhã,6.0999,0,North America,31.663,-104.37,4,0
33,3.9,2024-08-28,19:57:22,Noite,6.7664,0,North America,31.663,-104.363,4,0
34,3.31,2024-08-28,12:43:01,Tarde,15.85,298,North America,33.6755,-116.723,3,3
35,3.9,2024-08-25,05:13:45,Manhã,4.2,12,North America,38.6738,-118.545,4,3
36,3.4,2024-08-24,14:05:18,Tarde,5.7,0,North America,38.6698,-118.546,3,0
37,3.3,2024-08-24,13:57:04,Tarde,5.3,0,North America,38.6825,-118.555,3,0
38,3.2,2024-08-24,13:57:04,Tarde,9.426,0,North America,38.6833,-118.548,3,0
39,3.3,2024-08-24,04:14:00,Noite,6.7,3,North America,38.6669,-118.556,3,2
40,4.3,2024-08-23,15:31:58,Tarde,5.5,30,North America,38.6847,-118.564,4,4
41,4.3,2024-08-23,15:31:57,Tarde,5.0,9,North America,38.7101,-118.532,4,4
42,3.3,2024-08-23,14:51:22,Tarde,4.7,3,North America,38.6808,-118.55,3,3
43,3.0,2024-08-23,13:43:06,Tarde,6.0,2,North America,38.6871,-118.561,3,2
44,3.9,2024-08-23,03:21:38,Noite,6.0999,3,North America,31.656,-104.457,5,3
45,4.2,2024-08-23,03:21:38,Noite,5.0,1,North America,31.6187,-104.443,4,1
46,3.8,2024-08-15,22:59:30,Noite,8.0078,5,North America,31.691,-101.701,4,5
47,3.29,2024-08-15,18:02:34,Noite,9.23,12,North America,37.0675,-112.864,3,3
48,3.61,2024-08-15,16:39:31,Tarde,8.38,3877,North America,33.6777,-117.391,4,4
49,4.4,2024-08-14,03:06:35,Noite,13.2,544,North America,36.61,-115.727,4,4
50,4.1,2024-08-14,03:06:35,Noite,19.877,110,North America,36.633,-115.709,4,4
51,4.39,2024-08-12,19:20:24,Noite,10.98,24227,North America,34.0843,-118.185,5,5
52,3.66,2024-08-11,09:45:13,Manhã,5.0,5,North America,35.9492,-117.679,4,5
53,3.6,2024-08-10,13:34:46,Tarde,0.739,1,North America,31.7045,-101.712,4,2
54,3.6,2024-08-10,13:34:46,Tarde,5.9326,2,North America,31.704,-101.708,4,3
55,4.44,2024-08-08,02:09:15,Noite,11.57,760,North America,35.1017,-119.071,6,4
56,3.78,2024-08-07,23:43:32,Noite,12.24,335,North America,35.111,-119.117,4,5
57,3.64,2024-08-07,10:39:19,Manhã,12.96,21,North America,35.107,-119.119,4,4
58,3.5,2024-08-07,06:52:28,Manhã,12.06,3,North America,35.1037,-119.101,4,2
59,3.44,2024-08-07,04:46:55,Noite,12.85,145,North America,35.0965,-119.109,4,5
60,3.58,2024-08-07,04:17:46,Noite,10.17,24,North America,35.097,-119.116,4,5
61,4.06,2024-08-07,04:17:10,Noite,11.09,267,North America,35.1085,-119.075,5,5
62,3.22,2024-08-07,04:12:12,Noite,13.7,3,North America,35.0813,-119.107,3,2
63,3.6,2024-08-07,04:12:11,Noite,10.0,3,North America,35.0708,-119.065,4,2
64,4.6,2024-08-07,04:10:44,Noite,11.98,252,North America,35.111,-119.119,5,4
65,5.22,2024-08-07,04:09:56,Noite,11.6,10498,North America,35.1108,-119.092,7,7
66,3.12,2024-08-04,14:10:14,Tarde,0.8,45,North America,33.8177,-118.757,2,4
67,3.3,2024-08-03,18:35:24,Noite,6.4075,0,North America,31.673,-104.369,4,0
68,3.4,2024-08-03,17:24:28,Tarde,6.2537,0,North America,31.667,-104.365,4,0
69,3.5,2024-08-03,17:24:28,Tarde,9.657,0,North America,31.647,-104.386,4,0
70,3.51,2024-07-29,20:03:33,Noite,2.84,161,North America,34.9408,-116.799,4,6
71,4.89,2024-07-29,20:00:52,Noite,7.26,7873,North America,34.9498,-116.79,5,6
72,4.47,2024-07-29,05:29:05,Manhã,19.57,3666,North America,37.4705,-112.848,5,6
73,4.5,2024-07-27,21:08:31,Noite,3.4424,115,North America,31.475,-103.952,5,7
74,3.45,2024-07-25,03:49:59,Noite,3.22,5,North America,33.2223,-116.045,4,3
75,3.4,2024-07-24,04:44:22,Noite,5.4333,0,North America,31.676,-104.41,4,0
76,4.4,2024-07-23,16:12:14,Tarde,10.0,5,North America,50.622,-129.763,2,2
77,4.0,2024-07-23,02:31:04,Noite,6.757,9,North America,31.6529,-104.373,4,4
78,4.2,2024-07-23,02:31:04,Noite,5.5872,45,North America,31.676,-104.407,5,5
79,3.56,2024-07-21,22:09:54,Noite,11.6,1242,North America,33.8105,-118.468,4,4
80,3.48,2024-07-19,00:48:19,Noite,6.82,0,North America,31.5693,-115.702,3,0
81,3.5,2024-07-17,21:59:27,Noite,13.7,156,North America,33.197,-116.39,3,4
82,3.01,2024-07-13,20:31:48,Noite,17.18,109,North America,34.014,-117.019,3,4
83,3.48,2024-07-12,06:16:03,Manhã,14.11,271,North America,46.3818,-122.33,3,3
84,5.2,2024-07-11,16:17:20,Tarde,10.0,5,North America,48.9111,-128.445,3,3
85,6.4,2024-07-11,15:08:47,Tarde,10.0,79,North America,48.8127,-128.725,4,3
86,3.3,2024-07-08,21:19:30,Noite,5.1,0,North America,38.2302,-118.798,3,0
87,3.2,2024-07-08,21:15:21,Noite,7.4,1,North America,38.2323,-118.798,3,2
88,3.44,2024-07-08,21:00:44,Noite,5.43,2,North America,39.0397,-111.534,3,3
89,3.9,2024-07-07,00:47:25,Noite,10.0,1,North America,31.5604,-115.544,4,3
90,3.8,2024-07-06,11:14:53,Manhã,5.8,0,North America,38.2737,-118.765,4,0
91,3.8,2024-07-05,10:46:40,Manhã,22.0,131,North America,47.2889,-113.214,4,4
92,5.7,2024-07-04,16:15:08,Tarde,10.0,11,North America,48.6926,-129.003,3,3
93,3.5,2024-07-03,00:04:35,Noite,5.4077,0,North America,31.666,-104.192,4,0
94,3.5,2024-07-03,00:04:35,Noite,10.052,0,North America,31.6677,-104.195,4,0
95,3.7,2024-07-02,23:39:59,Noite,5.946,0,North America,31.669,-104.195,4,0
96,3.8,2024-07-02,23:39:59,Noite,8.828,0,North America,31.6757,-104.202,4,0
97,3.01,2024-07-02,08:31:57,Manhã,16.77,115,North America,34.0745,-119.009,3,4
98,3.5,2024-06-30,05:17:44,Manhã,7.5,0,North America,39.3885,-116.636,3,0
99,4.1,2024-06-29,23:35:33,Noite,7.6,10,North America,39.52,-116.533,3,3
100,5.4,2024-09-11,07:27:59,Manhã,10.0,102,Asia,31.1773,70.6295,6,8
101,5.4,2024-08-29,05:56:40,Manhã,224.338,6,Asia,36.543,71.2681,4,4
102,5.9,2024-06-01,00:46:38,Noite,20.71,0,Asia,34.1604,86.3895,7,0
103,5.4,2024-05-29,13:13:27,Tarde,97.552,24,Asia,23.539,94.6946,4,4
104,5.1,2024-05-20,05:10:23,Manhã,29.068,2,Asia,40.14,77.0348,5,3
105,5.5,2024-04-13,05:44:39,Manhã,10.0,0,Asia,33.5485,81.8909,7,0
106,5.4,2024-04-10,14:56:17,Tarde,8.0,0,Asia,42.0113,82.6416,6,0
107,5.7,2024-04-05,12:45:38,Tarde,69.136,29,Asia,26.5566,97.0128,5,5
108,5.6,2024-03-07,10:06:30,Manhã,10.0,0,Asia,33.5147,92.9795,7,0
109,5.4,2024-03-05,02:07:32,Noite,10.0,0,Asia,33.5068,93.0029,7,0
110,5.4,2024-02-25,04:15:00,Noite,10.0,14,Asia,41.1648,78.4389,6,4
111,5.7,2024-01-29,22:27:41,Noite,10.0,10,Asia,41.1867,78.7155,7,3
112,5.3,2024-01-23,01:18:40,Noite,3.426,2,Asia,41.2706,78.8219,7,4
113,5.1,2024-01-22,23:19:25,Noite,7.148,4,Asia,41.2186,78.724,6,4
114,5.5,2024-01-22,19:36:47,Noite,10.0,2,Asia,41.1979,78.6168,7,5
115,5.4,2024-01-22,18:42:33,Noite,10.0,3,Asia,41.3326,78.7686,6,4
116,5.8,2024-01-22,18:14:16,Noite,10.0,2,Asia,41.2946,78.6076,7,8
117,7.0,2024-01-22,18:09:04,Noite,13.0,482,Asia,41.2938,78.5937,9,9
118,6.4,2024-01-11,09:20:26,Manhã,204.0,111,Asia,36.5061,70.5994,4,5
119,5.1,2023-12-18,10:18:52,Manhã,10.0,8,Asia,33.2109,76.7733,6,5
120,5.5,2023-12-02,03:35:33,Noite,45.057,275,Asia,23.1278,90.927,5,6
121,5.2,2023-12-01,14:55:56,Tarde,10.0,1,Asia,39.2438,97.2769,6,3
122,5.7,2023-11-17,01:37:11,Noite,15.733,69,Asia,21.226,99.333,7,7
123,5.3,2023-11-07,18:09:48,Noite,7.204,1,Asia,40.5164,77.7055,7,3
124,5.7,2023-11-03,18:02:53,Noite,12.0,372,Asia,28.8879,82.195,8,7
125,5.4,2023-10-24,11:32:13,Manhã,10.0,2,Asia,39.2654,97.3075,7,4
126,5.2,2023-10-22,01:54:21,Noite,25.706,87,Asia,27.8679,84.7191,5,4
127,5.7,2023-10-03,09:21:03,Manhã,13.0,131,Asia,29.5163,81.2118,7,8
128,4.9,2023-10-02,12:45:15,Tarde,10.0,69,Asia,25.9591,90.6152,6,7
129,5.3,2023-08-14,14:49:48,Tarde,36.648,163,Asia,24.9743,92.2176,5,6
130,5.8,2023-08-05,16:01:49,Tarde,209.0,25,Asia,36.4512,70.7023,4,5
131,5.5,2024-09-16,14:13:47,Tarde,15.711,5,Asia,31.6412,131.796,5,5
132,5.7,2024-09-13,23:03:41,Noite,28.953,5,Asia,29.7999,130.855,4,3
133,6.1,2024-08-15,23:35:53,Noite,14.0,60,Asia,23.784,121.759,6,5
134,5.4,2024-08-15,09:06:45,Manhã,11.732,54,Asia,24.3858,121.917,5,5
135,6.5,2024-08-10,03:28:32,Noite,402.166,6,Asia,47.1777,144.763,3,3
136,5.3,2024-08-08,19:23:31,Noite,18.196,1,Asia,31.8881,131.341,5,2
137,7.1,2024-08-08,07:42:55,Manhã,24.0,43,Asia,31.7491,131.482,8,8
138,5.6,2024-07-18,11:07:34,Manhã,91.0,6,Asia,33.536,140.175,4,3
139,5.4,2024-06-25,08:30:59,Manhã,34.723,1,Asia,33.4887,141.284,3,2
140,5.7,2024-06-02,21:31:39,Noite,9.0,29,Asia,37.4574,137.239,7,7
141,5.5,2024-05-29,17:14:58,Tarde,392.698,4,Asia,32.2768,137.61,3,3
142,5.4,2024-05-21,00:39:39,Noite,59.788,0,Asia,26.1835,141.391,4,0
143,5.8,2024-05-10,07:45:18,Manhã,11.296,24,Asia,24.191,121.899,6,5
144,5.2,2024-05-06,09:52:45,Manhã,28.949,30,Asia,23.7143,121.588,5,8
145,5.6,2024-05-06,09:45:30,Manhã,23.605,36,Asia,23.7257,121.581,6,6
146,5.2,2024-04-26,18:49:29,Noite,40.475,26,Asia,24.2257,121.706,4,5
147,5.7,2024-04-26,18:21:23,Noite,37.767,150,Asia,24.1449,121.674,5,5
148,5.3,2024-04-24,07:22:10,Manhã,10.0,0,Asia,28.7699,142.53,3,0
149,5.8,2024-04-23,00:04:05,Noite,12.0,10,Asia,23.8026,121.676,6,8
150,5.4,2024-04-22,21:31:38,Noite,8.991,0,Asia,23.808,121.634,6,0
151,5.4,2024-04-22,21:04:21,Noite,5.83,0,Asia,23.698,121.574,5,0
152,5.5,2024-04-22,20:49:57,Noite,17.0,2,Asia,23.6512,121.606,6,3
153,6.1,2024-04-22,18:32:48,Noite,10.0,82,Asia,23.8672,121.538,8,7
154,6.1,2024-04-22,18:26:52,Noite,9.0,66,Asia,23.7241,121.641,7,7
155,5.8,2024-04-22,14:11:22,Tarde,8.0,77,Asia,23.7288,121.562,6,5
156,5.6,2024-04-22,10:50:30,Manhã,10.0,22,Asia,23.7158,121.63,6,5
157,5.0,2024-04-22,10:49:06,Manhã,10.0,0,Asia,23.7229,121.638,6,0
158,6.3,2024-04-17,14:14:46,Tarde,32.0,101,Asia,33.1621,132.387,8,8
159,5.9,2024-04-15,22:38:56,Noite,7.556,2,Asia,29.4708,131.736,4,2
160,5.4,2024-04-06,00:12:17,Noite,26.386,0,Asia,40.9054,143.213,3,0
161,6.1,2024-04-04,03:16:30,Noite,29.0,32,Asia,37.7196,141.924,4,4
162,5.7,2024-04-03,02:14:36,Noite,41.798,6,Asia,24.1954,121.932,5,6
163,5.7,2024-04-03,01:39:47,Noite,26.363,2,Asia,23.7873,121.784,5,3
164,5.3,2024-04-03,01:39:35,Noite,16.869,0,Asia,23.8555,121.803,5,1
165,5.6,2024-04-03,00:46:44,Noite,14.297,0,Asia,24.1465,121.743,6,0
166,5.3,2024-04-03,00:43:55,Noite,10.789,0,Asia,23.9598,121.595,6,0
167,5.6,2024-04-03,00:35:36,Noite,15.864,2,Asia,24.1609,121.71,6,7
168,6.4,2024-04-03,00:11:25,Noite,13.931,49,Asia,24.0651,121.673,7,8
169,7.4,2024-04-02,23:58:12,Noite,40.0,638,Asia,23.819,121.562,8,9
170,5.9,2024-04-01,19:24:36,Noite,73.0,15,Asia,40.1385,141.706,5,7
171,5.3,2024-03-18,11:04:41,Manhã,35.0,0,Asia,24.3178,142.875,3,0
172,5.6,2024-03-15,10:32:50,Manhã,20.0,2,Asia,28.4231,130.134,6,5
173,5.6,2024-03-14,15:14:35,Tarde,44.0,35,Asia,37.1035,141.143,4,6
174,5.4,2024-01-26,12:46:16,Tarde,45.09,0,Asia,29.1913,141.553,3,0
175,5.9,2024-01-09,08:59:10,Manhã,10.0,14,Asia,37.8706,137.708,5,4
176,5.4,2024-01-02,01:17:31,Noite,6.0,1,Asia,37.2326,136.788,7,2
177,5.6,2024-01-01,09:08:17,Manhã,10.0,0,Asia,37.5249,137.408,7,0
178,5.5,2024-01-01,09:03:48,Manhã,10.0,1,Asia,37.5575,137.384,6,6
179,5.6,2024-01-01,07:56:47,Manhã,10.0,0,Asia,37.2969,136.946,7,0
180,6.2,2024-01-01,07:18:41,Manhã,10.0,5,Asia,37.1959,136.87,7,9
181,7.5,2024-01-01,07:10:09,Manhã,10.0,413,Asia,37.4976,137.242,9,9
182,5.8,2024-01-01,07:06:05,Manhã,10.0,1,Asia,37.5067,137.239,7,4
183,6.5,2023-12-28,09:15:16,Manhã,31.0,3,Asia,44.5796,148.99,5,6
184,5.8,2023-11-19,21:01:30,Noite,42.0,11,Asia,41.168,142.247,4,4
185,5.8,2023-11-10,10:10:02,Manhã,84.0,1,Asia,45.9031,151.003,4,3
186,5.6,2023-11-08,08:16:30,Manhã,77.731,0,Asia,44.9541,149.755,4,0
187,5.9,2023-10-23,23:05:24,Noite,31.0,51,Asia,24.0602,122.646,4,6
188,5.7,2023-10-16,10:42:10,Manhã,13.261,0,Asia,25.1583,125.542,4,0
189,5.3,2023-10-08,21:17:28,Noite,10.0,1,Asia,29.7869,140.026,3,1
190,5.4,2023-10-08,21:05:32,Noite,10.0,0,Asia,29.758,140.021,3,0
191,5.5,2023-10-06,05:49:22,Manhã,10.0,1,Asia,30.1289,140.022,4,1
192,6.1,2023-10-06,01:31:17,Noite,10.0,1,Asia,30.044,140.005,4,1
193,5.7,2023-10-05,06:22:12,Manhã,10.0,0,Asia,30.0809,139.98,4,0
194,5.7,2023-10-05,02:53:13,Noite,10.0,0,Asia,30.0036,139.831,4,0
195,5.3,2023-10-05,02:15:14,Noite,10.0,0,Asia,29.9804,139.887,3,0
196,5.4,2023-10-05,02:06:32,Noite,10.0,0,Asia,29.99,139.968,3,0
197,6.1,2023-10-05,01:59:58,Noite,10.0,2,Asia,29.959,139.948,4,1
198,5.3,2023-10-04,23:18:09,Noite,10.0,0,Asia,29.8673,140.048,3,0
199,5.5,2023-10-04,05:57:17,Manhã,8.0,0,Asia,30.786,142.041,3,0
200,5.6,2023-10-04,04:55:47,Noite,10.0,0,Asia,31.0695,141.884,3,0
201,5.6,2023-10-04,02:19:06,Noite,10.0,0,Asia,29.9958,140.146,4,0
202,5.5,2023-10-04,00:13:45,Noite,10.0,0,Asia,30.0215,140.109,4,0
203,5.8,2023-10-03,15:22:35,Tarde,6.0,0,Asia,29.9105,140.053,4,0
204,6.0,2023-10-03,11:38:04,Manhã,10.0,1,Asia,29.905,139.967,4,1
205,5.8,2023-09-28,17:40:06,Tarde,30.0,0,Asia,44.2539,148.635,4,0
206,5.7,2023-09-21,21:22:12,Noite,12.765,0,Asia,30.9578,141.833,3,0
207,5.8,2023-09-19,06:22:36,Manhã,8.0,0,Asia,31.0125,141.989,3,0
208,5.5,2023-09-18,19:33:03,Noite,51.0,15,Asia,38.5129,141.641,4,4
209,6.3,2023-09-18,13:21:23,Tarde,176.0,42,Asia,26.4336,125.303,4,4
210,5.2,2023-09-08,09:28:48,Manhã,40.452,6,Asia,38.9566,142.101,4,3
211,4.9,2023-08-24,04:00:29,Noite,10.0,1,Asia,21.7833,145.906,2,2
212,5.9,2023-08-11,00:14:33,Noite,34.0,5,Asia,41.1222,142.845,4,3
213,5.5,2023-08-06,18:12:41,Noite,12.851,0,Asia,30.7637,131.39,4,0
214,5.4,2023-07-09,13:38:36,Tarde,10.0,0,Asia,24.0074,143.203,3,0
215,5.6,2023-07-08,19:47:11,Noite,4.0,8,Asia,21.895,121.583,6,5
216,5.8,2023-06-27,23:38:21,Noite,442.0,1,Asia,42.0873,134.055,2,1
217,5.6,2023-06-23,17:39:13,Tarde,314.0,1,Asia,45.8086,143.124,3,2
218,5.7,2024-09-06,10:12:58,Manhã,123.0,3,South America,-28.6825,-69.3728,4,4
219,5.7,2024-09-05,10:38:26,Manhã,222.966,5,South America,-19.1251,-67.3038,3,3
220,5.5,2024-08-21,06:55:16,Manhã,267.235,2,South America,-22.2935,-65.9607,3,4
221,7.4,2024-07-19,01:50:48,Noite,127.291,211,South America,-23.1243,-67.8715,7,7
222,5.8,2024-02-14,01:31:41,Noite,28.0,26,South America,-28.9162,-71.5264,6,5
223,5.4,2024-02-11,21:14:43,Noite,33.936,2,South America,-28.229,-71.3898,5,3
224,5.3,2024-01-24,08:05:10,Manhã,113.11,1,South America,-22.1579,-68.682,4,2
225,5.4,2024-01-22,22:30:11,Noite,10.0,0,South America,-30.2226,-72.2289,4,0
226,5.3,2024-01-21,02:36:01,Noite,202.477,1,South America,-23.3523,-66.6742,3,2
227,5.4,2024-01-09,16:47:25,Tarde,175.245,0,South America,-21.9201,-67.253,3,0
228,5.5,2024-01-03,08:04:04,Manhã,117.0,0,South America,-28.4553,-68.9432,4,0
229,5.8,2023-12-24,03:23:43,Noite,16.0,13,South America,-38.0756,-73.8819,5,4
230,5.6,2023-12-21,16:21:52,Tarde,61.708,21,South America,-21.9025,-70.2778,6,6
231,5.5,2023-12-11,18:35:59,Noite,191.769,1,South America,-24.1126,-66.8382,3,1
232,5.8,2023-12-02,07:55:41,Manhã,112.0,25,South America,-19.1959,-69.0592,4,5
233,6.6,2023-10-31,12:33:43,Tarde,34.0,71,South America,-28.7457,-71.5726,7,7
234,5.4,2023-10-26,21:49:34,Noite,101.15,3,South America,-28.6909,-70.3075,4,4
235,6.0,2023-10-10,10:01:31,Manhã,253.0,5,South America,-22.8844,-66.2242,4,4
236,5.6,2023-10-10,00:13:17,Noite,571.448,1,South America,-23.6067,-63.6564,1,5
237,5.7,2023-09-15,18:07:39,Noite,8.0,0,South America,-27.3252,-71.5543,4,0
238,5.3,2023-09-12,04:58:37,Noite,110.914,16,South America,-20.6514,-68.5222,4,5
239,5.5,2023-09-11,13:37:08,Tarde,21.043,1,South America,-27.1542,-71.2479,5,4
240,6.3,2023-09-06,23:48:04,Noite,36.0,80,South America,-30.2775,-71.536,6,6
241,6.2,2023-08-23,14:22:43,Tarde,554.0,2,South America,-26.9212,-63.3389,2,1
242,6.2,2023-08-05,07:20:06,Manhã,575.0,1,South America,-28.2143,-63.1854,2,1
243,6.6,2023-07-17,03:05:11,Noite,186.0,350,South America,-38.1911,-70.3731,4,7
244,5.7,2023-07-09,17:11:33,Tarde,99.0,137,South America,-33.2122,-70.3268,5,6
245,5.8,2023-07-06,00:31:56,Noite,135.0,6,South America,-23.9264,-67.9077,4,3
246,5.5,2024-08-26,12:57:41,Tarde,47.174,20,Asia,-8.7179,110.181,4,6
247,5.1,2024-07-28,04:35:12,Noite,8.078,72,Asia,14.7827,108.243,6,4
248,5.1,2024-07-20,12:05:04,Tarde,10.0,0,Asia,0.0963,96.4898,3,0
249,5.4,2024-07-10,15:32:42,Tarde,9.0,0,Asia,-5.3869,101.059,3,0
250,5.1,2024-06-05,11:16:14,Manhã,65.051,0,Asia,0.4081,98.5654,4,0
251,5.5,2024-06-05,02:20:27,Noite,19.0,0,Asia,-3.6267,100.699,5,0
252,5.7,2024-05-28,11:52:40,Manhã,21.0,1,Asia,2.8312,95.6044,5,8
253,6.1,2024-04-27,16:29:50,Tarde,59.701,107,Asia,-8.1104,107.272,6,8
254,6.4,2024-03-22,08:52:58,Manhã,9.471,101,Asia,-5.8668,112.362,8,9
255,5.6,2024-03-22,04:22:45,Noite,10.0,61,Asia,-5.8086,112.311,7,7
256,5.2,2024-03-04,02:48:21,Noite,10.0,0,Asia,-5.8146,102.185,4,0
257,5.6,2024-02-25,13:07:04,Tarde,34.0,22,Asia,-7.362,105.925,4,7
258,5.4,2023-08-17,04:28:48,Noite,54.787,12,Asia,-7.435,105.536,4,5
259,5.5,2023-08-04,00:31:44,Noite,575.691,0,Asia,-6.1198,113.147,1,0
260,5.9,2023-07-28,19:23:46,Noite,88.891,6,Asia,10.501,93.4505,4,6
261,5.2,2023-07-09,14:09:03,Tarde,37.801,3,Asia,5.3539,94.5693,3,4
262,5.9,2023-06-30,12:57:42,Tarde,76.421,77,Asia,-8.6741,110.041,4,7
263,4.2,2024-09-18,12:02:12,Tarde,9.237,0,North America,51.5572,-130.594,3,0
264,3.9,2024-09-16,18:52:28,Noite,79.702,0,North America,52.0699,-173.813,3,0
265,3.6,2024-09-16,18:52:27,Noite,71.1,0,North America,51.937,-173.727,3,0
266,4.6,2024-09-16,18:13:01,Noite,251.843,0,North America,52.4623,-179.019,2,0
267,4.5,2024-09-16,16:01:20,Tarde,95.514,1,North America,52.2566,-173.869,3,3
268,4.7,2024-09-16,01:43:25,Noite,10.0,1,North America,51.3957,-130.863,3,1
269,6.5,2024-09-15,22:22:48,Noite,10.0,94,North America,51.6758,-130.632,5,5
270,4.3,2024-09-15,15:17:04,Tarde,15.0,197,North America,60.6032,-146.917,3,3
271,5.0,2024-09-15,12:41:03,Tarde,170.476,2,North America,52.1396,-179.807,3,3
272,4.3,2024-09-14,14:33:42,Tarde,0.9,0,North America,54.9023,-157.07,1,0
273,3.9,2024-09-14,14:05:50,Tarde,38.471,0,North America,54.4632,-159.639,3,0
274,3.9,2024-09-12,02:55:36,Noite,44.338,0,North America,51.3453,-178.638,3,0
275,4.0,2024-09-12,02:55:34,Noite,25.7,0,North America,51.2731,-178.633,3,0
276,3.9,2024-09-11,12:53:14,Tarde,126.3,1,North America,59.8159,-153.249,3,2
277,3.5,2024-09-11,06:36:48,Manhã,8.0,27,North America,58.9459,-136.697,3,4
278,3.6,2024-09-11,00:06:16,Noite,25.6,0,North America,53.6139,-164.358,1,0
279,4.0,2024-09-10,22:48:57,Noite,26.3,0,North America,51.5965,-175.165,2,0
280,3.5,2024-09-09,16:55:40,Tarde,20.4,0,North America,60.0019,-146.214,2,0
281,3.4,2024-09-07,23:42:54,Noite,33.6,0,North America,54.7699,-158.513,3,0
282,3.9,2024-09-07,21:14:36,Noite,5.0,0,North America,56.4818,-153.762,3,0
283,4.3,2024-09-06,17:16:18,Tarde,67.586,0,North America,51.997,-173.57,3,0
284,3.5,2024-09-05,20:46:56,Noite,43.6,1,North America,63.2208,-148.573,3,2
285,3.1,2024-09-05,01:46:36,Noite,12.1,47,North America,61.4837,-149.943,3,3
286,4.3,2024-09-04,21:41:47,Noite,62.587,0,North America,51.4889,-179.588,3,0
287,4.0,2024-09-04,03:17:13,Noite,10.0,0,North America,53.4211,-133.318,3,0
288,3.4,2024-09-02,11:34:46,Manhã,38.0,0,North America,68.1656,-136.376,4,0
289,4.6,2024-09-01,13:20:21,Tarde,48.2,271,North America,59.6591,-151.499,4,6
290,3.7,2024-08-31,07:49:06,Manhã,49.3,115,North America,59.7974,-151.337,3,3
291,3.7,2024-08-31,00:41:55,Noite,35.0,1,North America,53.523,-165.902,2,3
292,3.5,2024-08-31,00:41:54,Noite,37.7,1,North America,53.5158,-165.891,2,3
293,4.4,2024-08-30,18:21:57,Noite,41.343,1,North America,52.6166,-168.748,3,2
294,4.0,2024-08-30,18:21:57,Noite,48.4,1,North America,52.6577,-168.78,3,2
295,4.8,2024-08-27,22:12:02,Noite,66.53,6,North America,54.3454,-162.778,4,3
296,3.9,2024-08-27,15:01:00,Tarde,25.4,0,North America,54.5066,-159.779,3,0
297,4.0,2024-08-27,15:01:00,Tarde,35.0,0,North America,54.4421,-159.647,3,0
298,5.0,2024-08-26,15:49:43,Tarde,25.0,1,North America,54.5449,-159.729,4,3
299,5.1,2024-08-26,15:49:41,Tarde,28.58,2,North America,54.5455,-159.689,4,3
300,5.0,2024-08-26,15:49:40,Tarde,12.0,1,North America,54.514,-159.567,4,3
301,3.6,2024-08-25,20:48:58,Noite,39.8,0,North America,54.4397,-160.234,1,0
302,3.6,2024-08-25,20:48:57,Noite,35.0,0,North America,54.3575,-160.179,1,0
303,3.9,2024-08-23,21:08:37,Noite,141.837,0,North America,52.2687,-173.565,3,0
304,3.1,2024-08-23,05:36:55,Manhã,41.3,1,North America,61.0968,-150.826,3,2
305,4.4,2024-08-22,09:52:55,Manhã,22.817,0,North America,50.5904,-173.373,1,0
306,3.8,2024-08-22,02:40:21,Noite,18.9,35,North America,61.259,-147.016,3,3
307,3.3,2024-08-20,17:50:08,Tarde,0.3,5,North America,59.0181,-134.506,3,3
308,3.5,2024-08-19,13:46:42,Tarde,10.0,0,North America,49.6314,-178.31,2,0
309,4.0,2024-08-19,13:46:40,Tarde,10.0,0,North America,49.813,-178.305,2,0
310,3.6,2024-08-18,06:00:17,Manhã,15.3,0,North America,60.0304,-143.176,3,1
311,3.7,2024-08-16,15:34:26,Tarde,38.7,240,North America,61.2172,-149.616,3,3
312,3.8,2024-08-15,22:28:35,Noite,10.0,0,North America,52.8357,-166.776,1,0
313,3.6,2024-08-15,22:28:35,Noite,7.9,0,North America,52.7645,-166.697,1,0
314,3.5,2024-08-15,13:36:41,Tarde,30.9,0,North America,61.5986,-146.305,3,0
315,3.6,2024-08-14,03:57:09,Noite,32.0,0,North America,68.1761,-136.343,3,0
316,3.7,2024-08-14,03:57:06,Noite,10.334,0,North America,68.1507,-136.313,3,0
317,3.6,2024-08-13,17:37:53,Tarde,20.1,0,North America,50.3633,-173.44,1,0
318,4.0,2024-08-13,17:37:52,Tarde,19.601,0,North America,50.2648,-173.472,1,0
319,3.6,2024-08-13,06:33:15,Manhã,11.1,1,North America,57.1827,-151.715,2,2
320,3.2,2024-08-11,18:21:47,Noite,64.8,0,North America,56.4659,-156.55,3,0
321,3.8,2024-08-10,07:23:52,Manhã,4.7,0,North America,55.7541,-154.19,1,0
322,3.5,2024-08-09,17:05:25,Tarde,44.3,0,North America,58.2943,-151.695,3,0
323,3.1,2024-08-09,11:10:32,Manhã,34.9,1,North America,61.5173,-150.699,2,2
324,3.5,2024-08-08,15:17:00,Tarde,35.0,0,North America,51.6689,-174.864,2,0
325,3.7,2024-08-08,15:17:00,Tarde,40.7,0,North America,51.7246,-174.889,2,0
326,3.5,2024-08-07,12:07:28,Tarde,12.0,0,North America,50.5619,-170.455,1,0
327,3.8,2024-08-07,12:07:22,Tarde,10.0,2,North America,50.4982,-170.471,1,2
328,4.0,2024-08-02,19:12:21,Noite,8.764,0,North America,52.6053,-166.906,1,0
329,3.6,2024-08-02,19:12:20,Noite,3.5,0,North America,52.5603,-166.896,1,0
330,3.6,2024-08-02,03:04:58,Noite,50.524,0,North America,53.5336,-165.752,2,0
331,5.6,2024-08-01,10:03:16,Manhã,34.21,2,North America,54.1094,-159.702,4,4
332,5.4,2024-08-01,10:03:15,Manhã,14.8,0,North America,54.0955,-159.699,4,0
333,5.4,2024-08-01,10:03:15,Manhã,87.0,0,North America,54.038,-159.522,3,0
334,3.8,2024-07-31,21:37:52,Noite,31.1,3,North America,60.9847,-148.283,3,3
335,4.6,2024-07-31,08:20:43,Manhã,8.3,28,North America,59.1053,-139.141,4,4
336,4.1,2024-07-31,06:00:25,Manhã,10.0,0,North America,53.3838,-163.613,1,0
337,5.1,2024-07-29,04:49:29,Noite,44.0,0,North America,52.306,-174.645,4,0
338,4.8,2024-07-29,04:49:27,Noite,69.273,2,North America,52.042,-174.531,4,3
339,5.2,2024-07-29,04:49:26,Noite,52.8,2,North America,51.8371,-174.491,4,3
340,3.9,2024-07-29,04:05:38,Noite,10.0,0,North America,51.626,-175.072,2,0
341,3.5,2024-07-28,04:10:53,Noite,35.0,0,North America,53.68,-164.273,1,0
342,4.5,2024-07-27,18:12:14,Noite,87.8,31,North America,60.3148,-152.365,3,4
343,3.5,2024-07-27,15:19:26,Tarde,5.7,0,North America,67.8947,-160.842,4,0
344,4.2,2024-07-24,10:05:32,Manhã,253.714,0,North America,54.1392,-169.371,1,0
345,3.9,2024-07-24,09:37:54,Manhã,90.0,5,North America,62.9194,-150.38,3,3
346,3.7,2024-07-24,09:07:44,Manhã,44.879,0,North America,54.2124,-162.474,2,0
347,4.0,2024-07-24,03:09:20,Noite,35.6,0,North America,50.4551,-175.92,1,0
348,4.6,2024-07-24,03:09:18,Noite,10.0,0,North America,50.5048,-175.929,1,0
349,4.2,2024-07-24,03:08:13,Noite,2.8,0,North America,67.8725,-160.84,4,0
350,4.4,2024-07-23,16:12:14,Tarde,10.0,5,North America,50.622,-129.763,2,2
351,4.7,2024-07-23,08:17:57,Manhã,9.8,0,North America,55.0344,-157.609,2,0
352,3.5,2024-07-23,08:17:36,Manhã,9.4,1,North America,55.0747,-157.665,2,3
353,3.6,2024-07-22,01:52:59,Noite,193.361,0,North America,52.1762,-174.341,2,0
354,3.9,2024-07-19,04:03:40,Noite,50.42,0,North America,52.0532,-170.775,1,0
355,3.6,2024-07-19,04:03:38,Noite,25.7,0,North America,52.0045,-170.791,1,0
356,6.0,2024-07-19,03:13:47,Noite,40.972,2,North America,52.1259,-170.932,4,3
357,5.9,2024-07-19,03:13:46,Noite,39.0,1,North America,51.777,-170.741,4,3
358,3.7,2024-07-18,21:49:26,Noite,82.626,0,North America,51.6083,-178.997,3,0
359,3.9,2024-07-18,12:26:21,Tarde,1.9,0,North America,53.0155,-158.202,1,0
360,4.1,2024-07-18,12:26:15,Tarde,10.0,0,North America,52.8906,-158.04,1,0
361,3.6,2024-07-17,17:55:19,Tarde,10.8,2,North America,59.0708,-137.916,3,3
362,4.2,2024-07-15,13:25:58,Tarde,40.163,0,North America,52.1227,-170.579,1,0
363,5.6,2024-04-18,15:11:25,Tarde,16.0,11,Asia,39.9972,35.9796,6,7
364,5.8,2024-03-29,07:12:48,Manhã,26.873,30,Europe,37.3286,21.3156,5,7
365,5.4,2024-03-14,03:06:47,Noite,16.067,248,Europe,42.9936,18.6796,6,9
366,5.4,2023-12-07,04:15:39,Noite,39.269,65,Asia,41.1549,49.7415,4,4
367,4.8,2023-11-10,15:36:29,Tarde,10.0,1,Asia,32.797,47.6372,5,3
368,5.2,2023-08-10,17:48:01,Tarde,10.0,12,Asia,38.2787,38.2053,6,6
369,5.5,2023-07-25,05:44:51,Manhã,13.116,29,Asia,37.5831,35.9568,6,6
370,5.3,2023-07-03,20:01:49,Noite,53.0,116,Asia,41.746,49.2837,4,7
371,4.8,2024-09-17,00:49:42,Noite,4.044,1893,North America,32.3984,-102.044,5,6
372,5.1,2024-09-17,00:49:42,Noite,6.1279,2042,North America,32.414,-102.057,5,6
373,3.9,2024-09-14,17:01:06,Tarde,6.2024,5,North America,31.647,-104.45,4,3
374,4.1,2024-09-14,17:01:06,Tarde,8.814,4,North America,31.6323,-104.473,4,3
375,3.8,2024-09-10,18:03:00,Noite,6.1511,5,North America,31.641,-104.356,4,3
376,3.3,2024-09-09,09:50:37,Manhã,7.0227,1,North America,31.586,-104.55,4,3
377,3.8,2024-09-08,02:37:22,Noite,6.0999,2,North America,31.663,-104.452,4,3
378,3.9,2024-09-08,02:37:22,Noite,10.0,1,North America,31.6305,-104.466,4,3
379,3.4,2024-08-31,10:01:04,Manhã,6.0999,0,North America,31.608,-103.99,4,0
380,3.6,2024-08-31,10:01:04,Manhã,9.724,0,North America,31.6125,-103.986,4,0
381,3.6,2024-08-31,07:56:25,Manhã,9.194,0,North America,31.6465,-104.339,4,0
382,3.3,2024-08-31,07:56:24,Manhã,6.0999,0,North America,31.663,-104.37,4,0
383,6.1,2024-08-28,21:57:56,Noite,33.882,98,Asia,12.998,-89.5623,5,5
384,3.9,2024-08-28,19:57:22,Noite,6.7664,0,North America,31.663,-104.363,4,0
385,3.9,2024-08-23,03:21:38,Noite,6.0999,3,North America,31.656,-104.457,5,3
386,4.2,2024-08-23,03:21:38,Noite,5.0,1,North America,31.6187,-104.443,4,1
387,3.8,2024-08-15,22:59:30,Noite,8.0078,5,North America,31.691,-101.701,4,5
388,3.6,2024-08-14,07:12:30,Manhã,5.0,3,North America,32.7843,-100.667,4,4
389,3.6,2024-08-14,07:12:29,Manhã,3.7842,9,North America,32.781,-100.703,4,5
390,3.6,2024-08-10,13:34:46,Tarde,0.739,1,North America,31.7045,-101.712,4,2
391,3.6,2024-08-10,13:34:46,Tarde,5.9326,2,North America,31.704,-101.708,4,3
392,5.4,2024-08-05,19:02:59,Noite,140.0,15,North America,16.9087,-93.8167,4,5
393,3.3,2024-08-03,18:35:24,Noite,6.4075,0,North America,31.673,-104.369,4,0
394,3.4,2024-08-03,17:24:28,Tarde,6.2537,0,North America,31.667,-104.365,4,0
395,3.5,2024-08-03,17:24:28,Tarde,9.657,0,North America,31.647,-104.386,4,0
396,3.6,2024-07-30,17:43:09,Tarde,1.155,1,North America,32.7522,-100.646,4,2
397,3.8,2024-07-30,17:43:08,Tarde,8.1299,10,North America,32.744,-100.649,4,3
398,4.1,2024-07-27,21:08:32,Noite,5.0,53,North America,32.7758,-100.685,5,6
399,4.5,2024-07-27,21:08:31,Noite,3.4424,115,North America,31.475,-103.952,5,7
400,4.8,2024-07-26,14:28:29,Tarde,1.534,171,North America,32.7457,-100.67,6,6
401,5.1,2024-07-26,14:28:29,Tarde,3.2959,2610,North America,32.746,-100.692,6,6
402,4.1,2024-07-25,02:57:43,Noite,5.0,10,North America,32.7632,-100.653,5,4
403,4.0,2024-07-25,02:57:42,Noite,3.0029,27,North America,32.74,-100.732,5,4
404,3.4,2024-07-24,04:44:22,Noite,5.4333,0,North America,31.676,-104.41,4,0
405,4.4,2024-07-23,03:46:25,Noite,3.2959,81,North America,32.769,-100.67,4,5
406,4.9,2024-07-23,03:38:42,Noite,3.1982,1973,North America,32.753,-100.638,5,6
407,4.0,2024-07-23,02:31:04,Noite,6.757,9,North America,31.6529,-104.373,4,4
408,4.2,2024-07-23,02:31:04,Noite,5.5872,45,North America,31.676,-104.407,5,5
409,6.2,2024-07-21,02:53:48,Noite,262.297,85,North America,14.5566,-89.9665,4,4
410,3.7,2024-07-19,11:21:20,Manhã,6.304,0,North America,32.3377,-101.052,4,0
411,3.6,2024-07-19,11:21:20,Manhã,8.6182,6,North America,32.33,-101.08,4,4
412,3.5,2024-07-03,00:04:35,Noite,5.4077,0,North America,31.666,-104.192,4,0
413,3.5,2024-07-03,00:04:35,Noite,10.052,0,North America,31.6677,-104.195,4,0
414,3.7,2024-07-02,23:39:59,Noite,5.946,0,North America,31.669,-104.195,4,0
415,3.8,2024-07-02,23:39:59,Noite,8.828,0,North America,31.6757,-104.202,4,0
416,3.3,2024-06-26,23:08:56,Noite,7.8369,2,North America,32.15,-101.083,4,2
417,3.4,2024-06-19,23:31:59,Noite,6.2665,0,North America,31.681,-104.183,4,0
418,3.7,2024-06-16,18:47:44,Noite,4.9207,1,North America,31.68,-104.394,4,2
419,3.9,2024-06-16,18:47:43,Noite,5.0,0,North America,31.594,-104.399,4,0
420,3.7,2024-06-02,15:27:51,Tarde,6.0999,0,North America,31.679,-104.194,4,0
421,3.5,2024-06-02,00:04:18,Noite,6.2408,1,North America,31.69,-104.404,4,1
422,4.1,2024-05-28,11:51:10,Manhã,5.9076,9,North America,31.674,-104.189,4,5
423,3.8,2024-05-28,11:51:10,Manhã,3.902,2,North America,31.6733,-104.215,5,5
424,3.9,2024-05-28,02:04:35,Noite,7.5354,1,North America,31.681,-104.201,4,2
425,3.4,2024-05-21,14:06:54,Tarde,6.8433,0,North America,31.616,-104.498,4,0
426,6.4,2024-05-12,11:39:12,Manhã,61.91,158,North America,14.4518,-92.363,6,7
427,3.8,2024-05-10,20:31:54,Noite,6.1383,1,North America,31.667,-104.196,4,3
428,3.5,2024-05-07,19:46:11,Noite,6.5228,0,North America,31.67,-104.193,4,0
429,3.5,2024-05-07,08:53:25,Manhã,6.2024,1,North America,31.667,-104.312,4,2
430,3.3,2024-05-07,08:47:03,Manhã,6.7151,0,North America,31.657,-104.315,4,0
431,3.5,2024-05-05,02:00:50,Noite,8.0737,0,North America,31.588,-104.546,4,0
432,3.2,2024-05-03,20:11:48,Noite,6.0999,0,North America,31.612,-104.382,4,0
433,3.5,2024-05-03,20:11:48,Noite,5.0,0,North America,31.6125,-104.372,4,0
434,3.8,2024-04-25,20:32:16,Noite,8.7146,0,North America,31.973,-103.318,5,0
435,3.6,2024-04-25,19:36:45,Noite,2.164,0,North America,31.9487,-103.325,5,0
436,3.9,2024-04-25,19:36:44,Noite,7.843,0,North America,31.968,-103.332,4,0
437,5.4,2024-04-21,19:05:14,Noite,10.0,1,North America,18.2141,-105.628,3,1
438,5.6,2024-04-18,15:12:30,Tarde,10.0,7,North America,26.2173,-110.508,7,3
439,5.5,2024-04-17,21:21:54,Noite,154.0,81,North America,11.1362,-85.3425,4,4
440,3.3,2024-04-15,01:23:47,Noite,3.9722,1,North America,31.583,-104.543,4,3
441,4.4,2024-04-10,18:46:45,Noite,4.7363,147,North America,32.318,-101.82,5,6
442,5.0,2024-04-07,17:49:32,Tarde,193.139,0,North America,13.7984,-88.995,3,0
443,3.2,2024-04-02,05:00:43,Manhã,7.4841,0,North America,31.585,-104.551,4,0
444,3.4,2024-03-29,02:34:57,Noite,10.0,0,North America,31.0767,-107.436,4,0
445,5.6,2024-03-17,00:44:02,Noite,48.0,11,North America,12.3515,-87.6834,4,4
446,5.6,2024-03-07,08:20:10,Manhã,9.0,35,North America,9.7781,-86.3237,4,4
447,3.5,2024-03-05,07:37:57,Manhã,5.0,0,North America,32.4267,-102.098,5,0
448,3.8,2024-03-05,07:37:56,Manhã,6.2744,12,North America,32.427,-102.121,4,4
449,3.3,2024-03-04,22:31:07,Noite,6.2024,0,North America,31.682,-104.401,4,0
450,3.3,2024-03-03,09:36:26,Manhã,6.933,0,North America,31.618,-103.986,4,0
451,3.5,2024-03-03,09:15:53,Manhã,6.51,0,North America,31.613,-103.977,4,0
452,3.9,2024-03-03,09:15:23,Manhã,8.4454,4,North America,31.611,-103.99,4,3
453,3.8,2024-02-26,13:31:37,Tarde,10.0,8,North America,31.5075,-114.403,3,3
454,3.5,2024-02-24,23:50:10,Noite,2.146,11,North America,32.7004,-104.39,5,6
455,3.5,2024-02-23,15:19:33,Tarde,6.3232,15,North America,28.973,-98.038,4,5
456,4.0,2024-02-23,09:47:07,Manhã,4.944,83,North America,32.6365,-104.384,4,4
457,3.3,2024-02-22,11:14:30,Manhã,7.2791,0,North America,31.656,-104.311,4,0
458,3.6,2024-02-22,11:14:30,Manhã,5.0,0,North America,31.646,-104.283,4,0
459,3.7,2024-02-22,06:15:54,Manhã,3.6865,23,North America,29.001,-97.965,5,5
460,3.7,2024-02-17,09:12:04,Manhã,6.8561,1,North America,31.639,-104.011,4,2
461,3.7,2024-02-17,06:34:18,Manhã,8.3252,7,North America,28.963,-97.936,5,3
462,4.7,2024-02-17,06:32:54,Manhã,2.841,304,North America,28.9405,-97.9993,6,5
463,4.7,2024-02-17,06:32:54,Manhã,2.1973,434,North America,28.954,-98.001,6,5
464,4.3,2024-02-17,06:20:22,Manhã,3.0,52,North America,28.9866,-98.0212,6,5
465,4.4,2024-02-17,06:20:21,Manhã,8.4473,68,North America,28.954,-98.005,6,5
466,3.9,2024-02-17,03:49:06,Noite,10.756,21,North America,28.9777,-97.9583,4,5
467,3.9,2024-02-17,03:49:04,Noite,7.9346,41,North America,28.955,-98.01,5,4
468,3.9,2024-02-15,04:49:30,Noite,10.0,0,North America,31.5352,-114.289,3,0
469,3.9,2024-02-13,20:08:28,Noite,6.1316,3,North America,31.68,-104.416,4,2
470,3.5,2024-02-12,18:12:26,Noite,6.0999,1,North America,31.655,-104.398,4,3
471,5.1,2024-08-27,22:43:04,Noite,53.382,0,Oceania,-34.3923,179.972,3,0
472,4.9,2024-06-05,14:19:43,Tarde,190.135,16,Insular Oceania,-38.2187,176.033,3,4
473,5.1,2024-01-24,14:18:37,Tarde,10.0,23,Insluar Oceania,-40.2633,176.402,6,5
474,5.7,2023-10-14,06:34:10,Manhã,401.457,0,Oceania,-31.3282,179.732,3,0
475,5.5,2023-09-19,21:14:49,Noite,11.712,35,Oceania,-43.7064,171.118,7,5
476,5.1,2023-08-10,23:53:19,Noite,181.278,45,Oceania,-40.1882,173.572,4,4
477,5.4,2024-09-11,07:27:59,Manhã,10.0,102,Asia,31.1773,70.6295,6,8
478,5.3,2024-03-19,21:27:01,Noite,6.0,14,Asia,29.7252,65.3575,7,4
479,5.5,2024-03-19,00:35:18,Noite,8.0,12,Asia,29.7645,65.3645,7,5
480,5.1,2024-03-05,04:20:14,Noite,38.577,0,Asia,27.1043,59.3301,4,0
481,6.4,2024-01-11,09:20:26,Manhã,204.0,111,Asia,36.5061,70.5994,4,5
482,5.4,2023-12-07,04:15:39,Noite,39.269,65,Asia,41.1549,49.7415,4,4
483,4.8,2023-11-10,15:36:29,Tarde,10.0,1,Asia,32.797,47.6372,5,3
484,5.3,2023-10-17,16:26:49,Tarde,10.0,5,Asia,27.7439,56.0776,7,4
485,5.0,2023-10-17,08:22:11,Manhã,10.0,2,Asia,27.6888,56.0903,6,5
486,5.5,2023-10-17,05:10:03,Manhã,10.0,7,Asia,27.7363,56.1369,7,4
487,5.4,2023-10-15,03:56:28,Noite,10.0,0,Asia,34.6012,62.1031,7,0
488,6.3,2023-10-15,03:36:00,Noite,9.0,28,Asia,34.6171,62.0517,8,8
489,6.3,2023-10-11,00:41:55,Noite,8.0,54,Asia,34.5798,62.0717,8,7
490,5.9,2023-10-07,07:40:30,Manhã,12.48,3,Asia,34.6391,62.0327,7,5
491,6.3,2023-10-07,07:12:49,Manhã,8.0,11,Asia,34.5492,61.884,8,9
492,5.4,2023-10-07,06:49:41,Manhã,10.257,0,Asia,34.5414,61.9547,7,0
493,6.3,2023-10-07,06:41:03,Manhã,14.0,19,Asia,34.6259,61.926,8,8
494,5.2,2023-08-10,17:48:01,Tarde,10.0,12,Asia,38.2787,38.2053,6,6
495,5.8,2023-08-05,16:01:49,Tarde,209.0,25,Asia,36.4512,70.7023,4,5
496,5.3,2023-07-03,20:01:49,Noite,53.0,116,Asia,41.746,49.2837,4,7
497,5.5,2024-09-16,14:13:47,Tarde,15.711,5,Asia,31.6412,131.796,5,5
498,5.7,2024-09-13,23:03:41,Noite,28.953,5,Asia,29.7999,130.855,4,3
499,5.4,2024-08-15,09:06:45,Manhã,11.732,54,Asia,24.3858,121.917,5,5
500,6.5,2024-08-10,03:28:32,Noite,402.166,6,Asia,47.1777,144.763,3,3
501,5.3,2024-08-08,19:23:31,Noite,18.196,1,Asia,31.8881,131.341,5,2
502,7.1,2024-08-08,07:42:55,Manhã,24.0,43,Asia,31.7491,131.482,8,8
503,5.6,2024-07-18,11:07:34,Manhã,91.0,6,Asia,33.536,140.175,4,3
504,5.4,2024-06-25,08:30:59,Manhã,34.723,1,Asia,33.4887,141.284,3,2
505,5.7,2024-06-02,21:31:39,Noite,9.0,29,Asia,37.4574,137.239,7,7
506,5.5,2024-05-29,17:14:58,Tarde,392.698,4,Asia,32.2768,137.61,3,3
507,5.4,2024-05-21,00:39:39,Noite,59.788,0,Asia,26.1835,141.391,4,0
508,5.8,2024-05-10,07:45:18,Manhã,11.296,24,Asia,24.191,121.899,6,5
509,5.3,2024-04-24,07:22:10,Manhã,10.0,0,Asia,28.7699,142.53,3,0
510,6.3,2024-04-17,14:14:46,Tarde,32.0,101,Asia,33.1621,132.387,8,8
511,5.9,2024-04-15,22:38:56,Noite,7.556,2,Asia,29.4708,131.736,4,2
512,5.4,2024-04-06,00:12:17,Noite,26.386,0,Asia,40.9054,143.213,3,0
513,6.1,2024-04-04,03:16:30,Noite,29.0,32,Asia,37.7196,141.924,4,4
514,5.7,2024-04-03,02:14:36,Noite,41.798,6,Asia,24.1954,121.932,5,6
515,5.9,2024-04-01,19:24:36,Noite,73.0,15,Asia,40.1385,141.706,5,7
516,5.3,2024-03-18,11:04:41,Manhã,35.0,0,Asia,24.3178,142.875,3,0
517,5.6,2024-03-15,10:32:50,Manhã,20.0,2,Asia,28.4231,130.134,6,5
518,5.6,2024-03-14,15:14:35,Tarde,44.0,35,Asia,37.1035,141.143,4,6
519,5.4,2024-01-26,12:46:16,Tarde,45.09,0,Asia,29.1913,141.553,3,0
520,5.9,2024-01-09,08:59:10,Manhã,10.0,14,Asia,37.8706,137.708,5,4
521,5.4,2024-01-02,01:17:31,Noite,6.0,1,Asia,37.2326,136.788,7,2
522,5.6,2024-01-01,09:08:17,Manhã,10.0,0,Asia,37.5249,137.408,7,0
523,5.5,2024-01-01,09:03:48,Manhã,10.0,1,Asia,37.5575,137.384,6,6
524,5.6,2024-01-01,07:56:47,Manhã,10.0,0,Asia,37.2969,136.946,7,0
525,6.2,2024-01-01,07:18:41,Manhã,10.0,5,Asia,37.1959,136.87,7,9
526,7.5,2024-01-01,07:10:09,Manhã,10.0,413,Asia,37.4976,137.242,9,9
527,5.8,2024-01-01,07:06:05,Manhã,10.0,1,Asia,37.5067,137.239,7,4
528,6.5,2023-12-28,09:15:16,Manhã,31.0,3,Asia,44.5796,148.99,5,6
529,5.8,2023-11-19,21:01:30,Noite,42.0,11,Asia,41.168,142.247,4,4
530,5.8,2023-11-10,10:10:02,Manhã,84.0,1,Asia,45.9031,151.003,4,3
531,5.6,2023-11-08,08:16:30,Manhã,77.731,0,Asia,44.9541,149.755,4,0
532,5.9,2023-10-23,23:05:24,Noite,31.0,51,Asia,24.0602,122.646,4,6
533,5.7,2023-10-16,10:42:10,Manhã,13.261,0,Asia,25.1583,125.542,4,0
534,5.3,2023-10-08,21:17:28,Noite,10.0,1,Asia,29.7869,140.026,3,1
535,5.4,2023-10-08,21:05:32,Noite,10.0,0,Asia,29.758,140.021,3,0
536,5.5,2023-10-06,05:49:22,Manhã,10.0,1,Asia,30.1289,140.022,4,1
537,6.1,2023-10-06,01:31:17,Noite,10.0,1,Asia,30.044,140.005,4,1
538,5.7,2023-10-05,06:22:12,Manhã,10.0,0,Asia,30.0809,139.98,4,0
539,5.7,2023-10-05,02:53:13,Noite,10.0,0,Asia,30.0036,139.831,4,0
540,5.3,2023-10-05,02:15:14,Noite,10.0,0,Asia,29.9804,139.887,3,0
541,5.4,2023-10-05,02:06:32,Noite,10.0,0,Asia,29.99,139.968,3,0
542,6.1,2023-10-05,01:59:58,Noite,10.0,2,Asia,29.959,139.948,4,1
543,5.3,2023-10-04,23:18:09,Noite,10.0,0,Asia,29.8673,140.048,3,0
544,5.5,2023-10-04,05:57:17,Manhã,8.0,0,Asia,30.786,142.041,3,0
545,5.6,2023-10-04,04:55:47,Noite,10.0,0,Asia,31.0695,141.884,3,0
546,5.6,2023-10-04,02:19:06,Noite,10.0,0,Asia,29.9958,140.146,4,0
547,5.5,2023-10-04,00:13:45,Noite,10.0,0,Asia,30.0215,140.109,4,0
548,5.8,2023-10-03,15:22:35,Tarde,6.0,0,Asia,29.9105,140.053,4,0
549,6.0,2023-10-03,11:38:04,Manhã,10.0,1,Asia,29.905,139.967,4,1
550,5.8,2023-09-28,17:40:06,Tarde,30.0,0,Asia,44.2539,148.635,4,0
551,5.7,2023-09-21,21:22:12,Noite,12.765,0,Asia,30.9578,141.833,3,0
552,5.8,2023-09-19,06:22:36,Manhã,8.0,0,Asia,31.0125,141.989,3,0
553,5.5,2023-09-18,19:33:03,Noite,51.0,15,Asia,38.5129,141.641,4,4
554,6.3,2023-09-18,13:21:23,Tarde,176.0,42,Asia,26.4336,125.303,4,4
555,5.2,2023-09-08,09:28:48,Manhã,40.452,6,Asia,38.9566,142.101,4,3
556,4.9,2023-08-24,04:00:29,Noite,10.0,1,Asia,21.7833,145.906,2,2
557,5.9,2023-08-11,00:14:33,Noite,34.0,5,Asia,41.1222,142.845,4,3
558,5.5,2023-08-06,18:12:41,Noite,12.851,0,Asia,30.7637,131.39,4,0
559,5.4,2023-07-09,13:38:36,Tarde,10.0,0,Asia,24.0074,143.203,3,0
560,5.8,2023-06-27,23:38:21,Noite,442.0,1,Asia,42.0873,134.055,2,1
561,5.6,2023-06-23,17:39:13,Tarde,314.0,1,Asia,45.8086,143.124,3,2
562,4.2,2024-09-18,12:02:12,Tarde,9.237,0,North America,51.5572,-130.594,3,0
563,3.7,2024-09-16,11:22:08,Manhã,10.9,1580,North America,34.0678,-118.807,4,4
564,4.7,2024-09-16,01:43:25,Noite,10.0,1,North America,51.3957,-130.863,3,1
565,6.5,2024-09-15,22:22:48,Noite,10.0,94,North America,51.6758,-130.632,5,5
566,3.9,2024-09-14,17:01:06,Tarde,6.2024,5,North America,31.647,-104.45,4,3
567,4.1,2024-09-14,17:01:06,Tarde,8.814,4,North America,31.6323,-104.473,4,3
568,3.23,2024-09-13,11:56:39,Manhã,10.95,472,North America,34.0637,-118.812,3,4
569,3.43,2024-09-12,16:37:32,Tarde,11.02,234,North America,34.0588,-118.799,3,4
570,3.44,2024-09-12,15:40:49,Tarde,10.93,225,North America,34.0682,-118.8,3,4
571,4.69,2024-09-12,14:28:21,Tarde,11.35,18592,North America,34.0703,-118.808,5,5
572,3.5,2024-09-11,08:31:01,Manhã,11.8,0,North America,37.6127,-115.303,3,0
573,3.8,2024-09-10,18:03:00,Noite,6.1511,5,North America,31.641,-104.356,4,3
574,3.3,2024-09-09,09:50:37,Manhã,7.0227,1,North America,31.586,-104.55,4,3
575,3.8,2024-09-08,02:37:22,Noite,6.0999,2,North America,31.663,-104.452,4,3
576,3.9,2024-09-08,02:37:22,Noite,10.0,1,North America,31.6305,-104.466,4,3
577,3.35,2024-09-08,02:16:27,Noite,4.98,13,North America,41.5833,-112.42,4,4
578,3.94,2024-09-07,17:34:20,Tarde,4.84,2756,North America,34.0297,-117.586,5,5
579,3.45,2024-09-07,17:05:45,Tarde,5.96,824,North America,34.0227,-117.593,4,4
580,3.09,2024-09-07,14:31:32,Tarde,-0.25,6,North America,38.7893,-122.734,4,4
581,4.28,2024-09-07,14:30:36,Tarde,0.16,241,North America,38.7765,-122.746,5,5
582,3.17,2024-09-07,06:03:42,Manhã,-0.1,11,North America,33.7255,-118.599,2,3
583,3.47,2024-09-06,12:07:06,Tarde,5.29,49,North America,38.6982,-119.598,4,3
584,3.32,2024-09-05,20:04:29,Noite,11.39,27,North America,36.07,-120.167,3,3
585,3.1,2024-09-04,21:31:11,Noite,8.3,0,North America,37.741,-117.142,3,0
586,3.1,2024-09-04,21:31:10,Noite,5.0,0,North America,37.743,-117.134,3,0
587,3.0,2024-09-04,21:30:35,Noite,5.0,0,North America,37.7769,-117.067,3,0
588,3.46,2024-09-03,12:11:58,Tarde,9.43,11,North America,37.432,-118.758,3,3
589,3.14,2024-09-02,11:34:26,Manhã,-0.11,5,North America,33.7102,-118.628,2,3
590,3.4,2024-09-01,11:01:44,Manhã,3.36,71,North America,37.4332,-118.469,4,3
591,3.5,2024-09-01,08:47:07,Manhã,23.624,4,North America,47.3504,-113.16,3,3
592,3.6,2024-08-31,07:56:25,Manhã,9.194,0,North America,31.6465,-104.339,4,0
593,3.3,2024-08-31,07:56:24,Manhã,6.0999,0,North America,31.663,-104.37,4,0
594,3.9,2024-08-28,19:57:22,Noite,6.7664,0,North America,31.663,-104.363,4,0
595,3.31,2024-08-28,12:43:01,Tarde,15.85,298,North America,33.6755,-116.723,3,3
596,3.9,2024-08-25,05:13:45,Manhã,4.2,12,North America,38.6738,-118.545,4,3
597,3.4,2024-08-24,14:05:18,Tarde,5.7,0,North America,38.6698,-118.546,3,0
598,3.3,2024-08-24,13:57:04,Tarde,5.3,0,North America,38.6825,-118.555,3,0
599,3.2,2024-08-24,13:57:04,Tarde,9.426,0,North America,38.6833,-118.548,3,0
600,3.3,2024-08-24,04:14:00,Noite,6.7,3,North America,38.6669,-118.556,3,2
601,4.3,2024-08-23,15:31:58,Tarde,5.5,30,North America,38.6847,-118.564,4,4
602,4.3,2024-08-23,15:31:57,Tarde,5.0,9,North America,38.7101,-118.532,4,4
603,3.3,2024-08-23,14:51:22,Tarde,4.7,3,North America,38.6808,-118.55,3,3
604,3.0,2024-08-23,13:43:06,Tarde,6.0,2,North America,38.6871,-118.561,3,2
605,3.9,2024-08-23,03:21:38,Noite,6.0999,3,North America,31.656,-104.457,5,3
606,4.2,2024-08-23,03:21:38,Noite,5.0,1,North America,31.6187,-104.443,4,1
607,3.29,2024-08-15,18:02:34,Noite,9.23,12,North America,37.0675,-112.864,3,3
608,3.61,2024-08-15,16:39:31,Tarde,8.38,3877,North America,33.6777,-117.391,4,4
609,4.4,2024-08-14,03:06:35,Noite,13.2,544,North America,36.61,-115.727,4,4
610,4.1,2024-08-14,03:06:35,Noite,19.877,110,North America,36.633,-115.709,4,4
611,4.39,2024-08-12,19:20:24,Noite,10.98,24227,North America,34.0843,-118.185,5,5
612,3.66,2024-08-11,09:45:13,Manhã,5.0,5,North America,35.9492,-117.679,4,5
613,4.44,2024-08-08,02:09:15,Noite,11.57,760,North America,35.1017,-119.071,6,4
614,3.78,2024-08-07,23:43:32,Noite,12.24,335,North America,35.111,-119.117,4,5
615,3.64,2024-08-07,10:39:19,Manhã,12.96,21,North America,35.107,-119.119,4,4
616,3.5,2024-08-07,06:52:28,Manhã,12.06,3,North America,35.1037,-119.101,4,2
617,3.44,2024-08-07,04:46:55,Noite,12.85,145,North America,35.0965,-119.109,4,5
618,3.58,2024-08-07,04:17:46,Noite,10.17,24,North America,35.097,-119.116,4,5
619,4.06,2024-08-07,04:17:10,Noite,11.09,267,North America,35.1085,-119.075,5,5
620,3.22,2024-08-07,04:12:12,Noite,13.7,3,North America,35.0813,-119.107,3,2
621,3.6,2024-08-07,04:12:11,Noite,10.0,3,North America,35.0708,-119.065,4,2
622,4.6,2024-08-07,04:10:44,Noite,11.98,252,North America,35.111,-119.119,5,4
623,5.22,2024-08-07,04:09:56,Noite,11.6,10498,North America,35.1108,-119.092,7,7
624,3.12,2024-08-04,14:10:14,Tarde,0.8,45,North America,33.8177,-118.757,2,4
625,3.3,2024-08-03,18:35:24,Noite,6.4075,0,North America,31.673,-104.369,4,0
626,3.4,2024-08-03,17:24:28,Tarde,6.2537,0,North America,31.667,-104.365,4,0
627,3.5,2024-08-03,17:24:28,Tarde,9.657,0,North America,31.647,-104.386,4,0
628,3.51,2024-07-29,20:03:33,Noite,2.84,161,North America,34.9408,-116.799,4,6
629,4.89,2024-07-29,20:00:52,Noite,7.26,7873,North America,34.9498,-116.79,5,6
630,4.47,2024-07-29,05:29:05,Manhã,19.57,3666,North America,37.4705,-112.848,5,6
631,3.45,2024-07-25,03:49:59,Noite,3.22,5,North America,33.2223,-116.045,4,3
632,3.4,2024-07-24,04:44:22,Noite,5.4333,0,North America,31.676,-104.41,4,0
633,4.4,2024-07-23,16:12:14,Tarde,10.0,5,North America,50.622,-129.763,2,2
634,4.0,2024-07-23,02:31:04,Noite,6.757,9,North America,31.6529,-104.373,4,4
635,4.2,2024-07-23,02:31:04,Noite,5.5872,45,North America,31.676,-104.407,5,5
636,3.56,2024-07-21,22:09:54,Noite,11.6,1242,North America,33.8105,-118.468,4,4
637,3.48,2024-07-19,00:48:19,Noite,6.82,0,North America,31.5693,-115.702,3,0
638,3.5,2024-07-17,21:59:27,Noite,13.7,156,North America,33.197,-116.39,3,4
639,3.01,2024-07-13,20:31:48,Noite,17.18,109,North America,34.014,-117.019,3,4
640,3.48,2024-07-12,06:16:03,Manhã,14.11,271,North America,46.3818,-122.33,3,3
641,5.2,2024-07-11,16:17:20,Tarde,10.0,5,North America,48.9111,-128.445,3,3
642,6.4,2024-07-11,15:08:47,Tarde,10.0,79,North America,48.8127,-128.725,4,3
643,3.3,2024-07-08,21:19:30,Noite,5.1,0,North America,38.2302,-118.798,3,0
644,3.2,2024-07-08,21:15:21,Noite,7.4,1,North America,38.2323,-118.798,3,2
645,3.44,2024-07-08,21:00:44,Noite,5.43,2,North America,39.0397,-111.534,3,3
646,3.9,2024-07-07,00:47:25,Noite,10.0,1,North America,31.5604,-115.544,4,3
647,3.8,2024-07-06,11:14:53,Manhã,5.8,0,North America,38.2737,-118.765,4,0
648,3.8,2024-07-05,10:46:40,Manhã,22.0,131,North America,47.2889,-113.214,4,4
649,5.7,2024-07-04,16:15:08,Tarde,10.0,11,North America,48.6926,-129.003,3,3
650,3.5,2024-07-03,00:04:35,Noite,5.4077,0,North America,31.666,-104.192,4,0
651,3.5,2024-07-03,00:04:35,Noite,10.052,0,North America,31.6677,-104.195,4,0
652,3.7,2024-07-02,23:39:59,Noite,5.946,0,North America,31.669,-104.195,4,0
653,3.8,2024-07-02,23:39:59,Noite,8.828,0,North America,31.6757,-104.202,4,0
654,3.01,2024-07-02,08:31:57,Manhã,16.77,115,North America,34.0745,-119.009,3,4
655,3.5,2024-06-30,05:17:44,Manhã,7.5,0,North America,39.3885,-116.636,3,0
656,4.1,2024-06-29,23:35:33,Noite,7.6,10,North America,39.52,-116.533,3,3
657,3.86,2024-06-29,07:46:07,Manhã,2.3,11,North America,35.0378,-116.983,4,3
658,3.24,2024-06-25,21:20:11,Noite,5.9,7,North America,36.0742,-120.644,4,3
659,3.44,2024-06-25,01:04:55,Noite,13.48,18,North America,35.1097,-119.094,4,5
660,4.09,2024-06-24,22:30:59,Noite,12.07,941,North America,35.112,-119.109,4,7
661,3.59,2024-06-23,19:17:01,Noite,10.55,21,North America,33.2555,-116.085,3,3
662,5.5,2024-09-15,13:08:09,Tarde,10.649,3,Asia,1.3376,118.461,7,5
663,5.4,2024-09-09,21:01:31,Noite,72.165,2,Asia,4.3537,126.74,4,6
664,5.5,2024-08-26,12:57:41,Tarde,47.174,20,Asia,-8.7179,110.181,4,6
665,5.7,2024-08-19,03:39:00,Noite,40.983,10,Asia,12.7442,124.767,5,6
666,5.0,2024-08-12,11:36:14,Manhã,65.317,1,Asia,2.3246,126.572,3,0
667,6.3,2024-08-03,04:20:26,Noite,15.0,20,Asia,8.1704,126.764,6,6
668,6.8,2024-08-02,22:23:02,Noite,32.0,109,Asia,8.1856,126.612,7,7
669,5.4,2024-07-16,23:39:32,Noite,40.646,1,Asia,1.246,126.089,4,3
670,7.1,2024-07-11,02:13:18,Noite,639.503,29,Asia,6.0646,123.16,4,5
671,5.4,2024-07-10,15:32:42,Tarde,9.0,0,Asia,-5.3869,101.059,3,0
672,5.6,2024-06-15,13:08:14,Tarde,45.789,0,Asia,3.1375,127.319,4,0
673,5.8,2024-06-12,17:01:20,Tarde,39.0,3,Asia,4.3844,126.49,5,2
674,5.2,2024-06-11,06:58:36,Manhã,9.9,3,Asia,9.4367,119.732,4,4
675,5.5,2024-06-05,02:20:27,Noite,19.0,0,Asia,-3.6267,100.699,5,0
676,5.0,2024-05-22,05:49:12,Manhã,127.916,0,Asia,0.2108,123.704,4,0
677,5.7,2024-05-03,10:16:23,Manhã,10.208,14,Asia,10.8748,125.29,5,6
678,6.1,2024-04-27,16:29:50,Tarde,59.701,107,Asia,-8.1104,107.272,6,8
679,6.4,2024-04-09,09:47:59,Manhã,22.0,3,Asia,2.7135,127.094,4,2
680,5.7,2024-03-24,03:04:07,Noite,62.174,0,Asia,-9.444,122.147,4,0
681,6.4,2024-03-22,08:52:58,Manhã,9.471,101,Asia,-5.8668,112.362,8,9
682,5.6,2024-03-22,04:22:45,Noite,10.0,61,Asia,-5.8086,112.311,7,7
683,5.7,2024-03-13,18:56:14,Noite,39.0,0,Asia,-0.1127,125.214,4,0
684,6.0,2024-03-08,09:11:45,Manhã,115.0,7,Asia,5.8202,126.88,4,3
685,5.2,2024-03-04,02:48:21,Noite,10.0,0,Asia,-5.8146,102.185,4,0
686,5.4,2024-03-01,09:29:02,Manhã,42.374,3,Asia,8.8205,126.704,4,4
687,5.4,2024-02-29,00:23:58,Noite,18.0,2,Asia,8.8517,126.782,4,3
688,5.1,2024-02-29,00:10:12,Noite,14.569,0,Asia,8.7891,126.765,4,0
689,4.9,2024-02-27,04:49:09,Noite,10.0,0,Asia,-9.5467,125.049,6,0
690,5.6,2024-02-25,13:07:04,Tarde,34.0,22,Asia,-7.362,105.925,4,7
691,5.3,2024-02-12,02:03:06,Noite,35.0,2,Asia,9.7634,126.712,4,3
692,5.4,2024-02-10,05:21:35,Manhã,50.159,6,Asia,8.7286,125.71,5,4
693,5.8,2024-02-10,03:22:06,Noite,32.0,46,Asia,8.6991,125.544,6,5
694,5.6,2024-01-25,12:24:12,Tarde,21.643,6,Asia,-8.2505,121.098,6,6
695,5.6,2024-01-17,12:32:01,Tarde,39.0,10,Asia,8.5458,126.497,5,5
696,6.7,2024-01-08,20:48:42,Noite,62.574,24,Asia,4.8602,126.189,6,5
697,5.3,2024-01-01,07:52:43,Manhã,81.212,0,Asia,-0.1653,123.611,4,0
698,5.4,2023-12-07,00:46:30,Noite,16.406,0,Asia,9.0123,126.773,4,0
699,4.9,2023-12-06,14:52:37,Tarde,35.0,0,Asia,8.4776,126.735,4,0
700,5.8,2023-12-05,13:36:36,Tarde,12.0,4,Asia,9.1263,126.869,4,4
701,5.5,2023-12-05,09:42:52,Manhã,26.021,0,Asia,9.1263,126.709,4,0
702,5.7,2023-12-05,09:10:03,Manhã,19.697,2,Asia,9.0546,126.666,4,2
703,5.2,2023-12-05,00:34:29,Noite,40.403,2,Asia,8.9514,126.622,4,3
704,5.3,2023-12-04,05:15:43,Manhã,66.931,0,Asia,8.3449,126.792,4,0
705,5.7,2023-12-04,05:08:36,Manhã,27.0,1,Asia,8.8312,126.691,5,2
706,5.3,2023-12-04,04:59:01,Noite,55.451,0,Asia,8.8795,126.674,4,0
707,5.3,2023-12-04,04:17:23,Noite,46.818,0,Asia,8.8411,126.749,4,0
708,5.5,2023-12-04,01:07:50,Noite,66.391,0,Asia,8.441,126.873,4,0
709,5.4,2023-12-03,21:43:38,Noite,24.222,0,Asia,8.7118,126.798,4,1
710,5.3,2023-12-03,20:30:19,Noite,47.433,0,Asia,8.9293,126.563,4,0
711,6.9,2023-12-03,19:49:35,Noite,20.0,81,Asia,8.9571,126.628,6,7
712,6.0,2023-12-03,14:35:56,Tarde,13.0,3,Asia,8.7176,126.897,4,3
713,5.4,2023-12-03,12:39:36,Tarde,28.046,0,Asia,8.65,127.021,4,0
714,5.4,2023-12-03,10:58:38,Manhã,42.849,0,Asia,8.815,126.868,4,0
715,5.6,2023-12-03,10:54:55,Manhã,36.128,0,Asia,8.545,126.871,4,0
716,5.5,2023-12-03,10:53:05,Manhã,39.402,0,Asia,8.2878,127.04,4,0
717,5.7,2023-12-03,10:39:23,Manhã,45.264,0,Asia,8.5597,126.617,4,0
718,6.6,2023-12-03,10:35:52,Manhã,19.0,53,Asia,8.4498,126.72,6,7
719,5.4,2023-12-03,05:43:43,Manhã,63.392,1,Asia,8.6521,126.674,4,3
720,5.5,2023-12-02,22:35:41,Noite,26.181,0,Asia,8.353,126.93,4,0
721,6.0,2023-12-02,20:52:15,Noite,9.0,0,Asia,8.4475,126.778,5,0
722,5.4,2023-12-02,20:39:30,Noite,63.645,0,Asia,8.248,126.82,4,0
723,5.3,2023-12-02,19:19:21,Noite,22.227,0,Asia,8.4219,126.838,4,0
724,5.4,2023-12-02,18:20:40,Noite,48.935,0,Asia,8.6178,126.709,4,0
725,6.3,2023-12-02,18:09:25,Noite,46.378,2,Asia,8.4439,126.919,5,3
726,5.6,2023-12-02,17:55:28,Tarde,64.275,0,Asia,8.7034,126.768,4,0
727,5.4,2023-12-02,17:45:05,Tarde,51.478,0,Asia,8.3044,126.566,4,0
728,5.4,2023-12-02,17:43:14,Tarde,35.0,0,Asia,8.2748,126.828,4,0
729,5.6,2023-12-02,17:42:16,Tarde,79.813,0,Asia,8.4261,126.521,4,0
730,6.1,2023-12-02,17:40:15,Tarde,36.091,9,Asia,8.4118,126.746,5,6
731,5.7,2023-12-02,16:53:08,Tarde,46.557,0,Asia,8.4001,126.922,4,0
732,5.4,2023-12-02,16:34:59,Tarde,58.952,0,Asia,8.6083,126.699,4,0
733,5.7,2023-12-02,16:19:46,Tarde,52.821,1,Asia,8.3159,126.767,4,2
734,5.6,2023-12-02,16:17:01,Tarde,44.034,1,Asia,8.4845,126.736,4,2
735,6.4,2023-12-02,16:03:41,Tarde,35.0,19,Asia,8.415,126.776,6,7
736,5.5,2023-12-02,15:31:29,Tarde,66.805,0,Asia,8.493,126.771,4,0
737,5.4,2023-12-02,15:22:05,Tarde,60.468,0,Asia,8.3678,126.734,4,0
738,5.4,2023-12-02,15:08:56,Tarde,61.311,0,Asia,8.3335,126.583,4,0
739,5.8,2023-12-02,15:06:46,Tarde,61.655,0,Asia,8.315,127.021,4,0
740,5.4,2023-12-02,14:44:36,Tarde,43.301,0,Asia,8.0495,126.606,4,0
741,5.4,2023-12-02,14:44:03,Tarde,66.534,0,Asia,8.5324,126.505,4,0
742,7.6,2023-12-02,14:37:04,Tarde,40.0,434,Asia,8.5266,126.449,7,9
743,6.0,2023-11-22,02:48:51,Noite,102.0,3,Asia,1.7425,127.153,5,2
744,6.7,2023-11-17,08:14:10,Manhã,52.0,142,Asia,5.5872,125.051,8,9
745,5.8,2023-11-15,23:26:14,Noite,289.0,0,Asia,1.9752,124.137,3,0
746,5.2,2023-11-12,02:06:16,Noite,42.657,0,Asia,-9.9023,123.7,5,0
747,5.7,2023-11-02,06:50:25,Manhã,13.0,1,Asia,11.4641,125.922,5,2
748,6.1,2023-11-01,21:04:48,Noite,51.0,8,Asia,-10.0109,123.713,6,8
749,5.4,2023-10-28,15:01:59,Tarde,24.286,0,Asia,1.7869,120.193,4,0
750,5.5,2023-10-28,13:04:53,Tarde,10.0,0,Asia,-7.6308,125.855,6,0
751,5.9,2023-10-19,18:58:51,Noite,8.494,17,Asia,7.4373,126.299,7,6
752,6.4,2023-10-04,11:21:47,Manhã,113.0,35,Asia,5.3416,126.06,5,5
753,5.9,2023-09-26,01:39:43,Noite,94.0,6,Asia,4.7296,127.501,4,4
754,6.0,2023-09-11,12:51:33,Tarde,151.0,7,Asia,1.1251,127.479,4,4
755,6.0,2023-09-09,14:43:24,Tarde,13.0,2,Asia,0.0054,119.771,7,7
756,5.6,2023-09-09,00:06:14,Noite,512.824,10,Asia,-6.8155,116.552,2,4
757,5.4,2023-08-31,10:29:28,Manhã,47.151,4,Asia,-9.5312,123.86,4,6
758,5.7,2023-08-28,20:08:06,Noite,481.974,8,Asia,-7.0459,117.215,2,4
759,5.5,2023-08-28,20:06:53,Noite,514.072,0,Asia,-6.8134,116.618,2,1
760,7.1,2023-08-28,19:55:30,Noite,500.0,629,Asia,-6.7768,116.568,4,5
761,5.3,2023-08-28,17:59:16,Tarde,28.833,5,Asia,4.2633,126.513,4,3
762,5.5,2024-09-16,14:13:47,Tarde,15.711,5,Asia,31.6412,131.796,5,5
763,5.7,2024-09-13,23:03:41,Noite,28.953,5,Asia,29.7999,130.855,4,3
764,5.4,2024-08-15,09:06:45,Manhã,11.732,54,Asia,24.3858,121.917,5,5
765,6.5,2024-08-10,03:28:32,Noite,402.166,6,Asia,47.1777,144.763,3,3
766,5.3,2024-08-08,19:23:31,Noite,18.196,1,Asia,31.8881,131.341,5,2
767,7.1,2024-08-08,07:42:55,Manhã,24.0,43,Asia,31.7491,131.482,8,8
768,5.6,2024-07-18,11:07:34,Manhã,91.0,6,Asia,33.536,140.175,4,3
769,5.4,2024-06-25,08:30:59,Manhã,34.723,1,Asia,33.4887,141.284,3,2
770,5.7,2024-06-02,21:31:39,Noite,9.0,29,Asia,37.4574,137.239,7,7
771,5.5,2024-05-29,17:14:58,Tarde,392.698,4,Asia,32.2768,137.61,3,3
772,5.4,2024-05-21,00:39:39,Noite,59.788,0,Asia,26.1835,141.391,4,0
773,5.8,2024-05-10,07:45:18,Manhã,11.296,24,Asia,24.191,121.899,6,5
774,5.3,2024-04-24,07:22:10,Manhã,10.0,0,Asia,28.7699,142.53,3,0
775,6.3,2024-04-17,14:14:46,Tarde,32.0,101,Asia,33.1621,132.387,8,8
776,5.9,2024-04-15,22:38:56,Noite,7.556,2,Asia,29.4708,131.736,4,2
777,5.4,2024-04-06,00:12:17,Noite,26.386,0,Asia,40.9054,143.213,3,0
778,6.1,2024-04-04,03:16:30,Noite,29.0,32,Asia,37.7196,141.924,4,4
779,5.7,2024-04-03,02:14:36,Noite,41.798,6,Asia,24.1954,121.932,5,6
780,5.9,2024-04-01,19:24:36,Noite,73.0,15,Asia,40.1385,141.706,5,7
781,5.3,2024-03-18,11:04:41,Manhã,35.0,0,Asia,24.3178,142.875,3,0
782,5.6,2024-03-15,10:32:50,Manhã,20.0,2,Asia,28.4231,130.134,6,5
783,5.6,2024-03-14,15:14:35,Tarde,44.0,35,Asia,37.1035,141.143,4,6
784,5.4,2024-01-26,12:46:16,Tarde,45.09,0,Asia,29.1913,141.553,3,0
785,5.9,2024-01-09,08:59:10,Manhã,10.0,14,Asia,37.8706,137.708,5,4
786,5.4,2024-01-02,01:17:31,Noite,6.0,1,Asia,37.2326,136.788,7,2
787,5.6,2024-01-01,09:08:17,Manhã,10.0,0,Asia,37.5249,137.408,7,0
788,5.5,2024-01-01,09:03:48,Manhã,10.0,1,Asia,37.5575,137.384,6,6
789,5.6,2024-01-01,07:56:47,Manhã,10.0,0,Asia,37.2969,136.946,7,0
790,6.2,2024-01-01,07:18:41,Manhã,10.0,5,Asia,37.1959,136.87,7,9
791,7.5,2024-01-01,07:10:09,Manhã,10.0,413,Asia,37.4976,137.242,9,9
792,5.8,2024-01-01,07:06:05,Manhã,10.0,1,Asia,37.5067,137.239,7,4
793,6.5,2023-12-28,09:15:16,Manhã,31.0,3,Asia,44.5796,148.99,5,6
794,5.8,2023-11-19,21:01:30,Noite,42.0,11,Asia,41.168,142.247,4,4
795,5.8,2023-11-10,10:10:02,Manhã,84.0,1,Asia,45.9031,151.003,4,3
796,5.6,2023-11-08,08:16:30,Manhã,77.731,0,Asia,44.9541,149.755,4,0
797,5.9,2023-10-23,23:05:24,Noite,31.0,51,Asia,24.0602,122.646,4,6
798,5.7,2023-10-16,10:42:10,Manhã,13.261,0,Asia,25.1583,125.542,4,0
799,5.3,2023-10-08,21:17:28,Noite,10.0,1,Asia,29.7869,140.026,3,1
800,5.4,2023-10-08,21:05:32,Noite,10.0,0,Asia,29.758,140.021,3,0
801,5.5,2023-10-06,05:49:22,Manhã,10.0,1,Asia,30.1289,140.022,4,1
802,6.1,2023-10-06,01:31:17,Noite,10.0,1,Asia,30.044,140.005,4,1
803,5.7,2023-10-05,06:22:12,Manhã,10.0,0,Asia,30.0809,139.98,4,0
804,5.7,2023-10-05,02:53:13,Noite,10.0,0,Asia,30.0036,139.831,4,0
805,5.3,2023-10-05,02:15:14,Noite,10.0,0,Asia,29.9804,139.887,3,0
806,5.4,2023-10-05,02:06:32,Noite,10.0,0,Asia,29.99,139.968,3,0
807,6.1,2023-10-05,01:59:58,Noite,10.0,2,Asia,29.959,139.948,4,1
808,5.3,2023-10-04,23:18:09,Noite,10.0,0,Asia,29.8673,140.048,3,0
809,5.5,2023-10-04,05:57:17,Manhã,8.0,0,Asia,30.786,142.041,3,0
810,5.6,2023-10-04,04:55:47,Noite,10.0,0,Asia,31.0695,141.884,3,0
811,5.6,2023-10-04,02:19:06,Noite,10.0,0,Asia,29.9958,140.146,4,0
812,5.5,2023-10-04,00:13:45,Noite,10.0,0,Asia,30.0215,140.109,4,0
813,5.8,2023-10-03,15:22:35,Tarde,6.0,0,Asia,29.9105,140.053,4,0
814,6.0,2023-10-03,11:38:04,Manhã,10.0,1,Asia,29.905,139.967,4,1
815,5.8,2023-09-28,17:40:06,Tarde,30.0,0,Asia,44.2539,148.635,4,0
816,5.7,2023-09-21,21:22:12,Noite,12.765,0,Asia,30.9578,141.833,3,0
817,5.8,2023-09-19,06:22:36,Manhã,8.0,0,Asia,31.0125,141.989,3,0
818,5.5,2023-09-18,19:33:03,Noite,51.0,15,Asia,38.5129,141.641,4,4
819,6.3,2023-09-18,13:21:23,Tarde,176.0,42,Asia,26.4336,125.303,4,4
820,5.2,2023-09-08,09:28:48,Manhã,40.452,6,Asia,38.9566,142.101,4,3
821,4.9,2023-08-24,04:00:29,Noite,10.0,1,Asia,21.7833,145.906,2,2
822,5.9,2023-08-11,00:14:33,Noite,34.0,5,Asia,41.1222,142.845,4,3
823,5.5,2023-08-06,18:12:41,Noite,12.851,0,Asia,30.7637,131.39,4,0
824,5.4,2023-07-09,13:38:36,Tarde,10.0,0,Asia,24.0074,143.203,3,0
825,5.8,2023-06-27,23:38:21,Noite,442.0,1,Asia,42.0873,134.055,2,1
826,5.6,2023-06-23,17:39:13,Tarde,314.0,1,Asia,45.8086,143.124,3,2
827,4.8,2024-09-17,00:49:42,Noite,4.044,1893,North America,32.3984,-102.044,5,6
828,5.1,2024-09-17,00:49:42,Noite,6.1279,2042,North America,32.414,-102.057,5,6
829,3.9,2024-09-14,17:01:06,Tarde,6.2024,5,North America,31.647,-104.45,4,3
830,4.1,2024-09-14,17:01:06,Tarde,8.814,4,North America,31.6323,-104.473,4,3
831,3.8,2024-09-10,18:03:00,Noite,6.1511,5,North America,31.641,-104.356,4,3
832,3.3,2024-09-09,09:50:37,Manhã,7.0227,1,North America,31.586,-104.55,4,3
833,3.8,2024-09-08,02:37:22,Noite,6.0999,2,North America,31.663,-104.452,4,3
834,3.9,2024-09-08,02:37:22,Noite,10.0,1,North America,31.6305,-104.466,4,3
835,3.4,2024-08-31,10:01:04,Manhã,6.0999,0,North America,31.608,-103.99,4,0
836,3.6,2024-08-31,10:01:04,Manhã,9.724,0,North America,31.6125,-103.986,4,0
837,3.6,2024-08-31,07:56:25,Manhã,9.194,0,North America,31.6465,-104.339,4,0
838,3.3,2024-08-31,07:56:24,Manhã,6.0999,0,North America,31.663,-104.37,4,0
839,3.9,2024-08-28,19:57:22,Noite,6.7664,0,North America,31.663,-104.363,4,0
840,3.9,2024-08-23,03:21:38,Noite,6.0999,3,North America,31.656,-104.457,5,3
841,4.2,2024-08-23,03:21:38,Noite,5.0,1,North America,31.6187,-104.443,4,1
842,3.8,2024-08-15,22:59:30,Noite,8.0078,5,North America,31.691,-101.701,4,5
843,3.6,2024-08-14,07:12:30,Manhã,5.0,3,North America,32.7843,-100.667,4,4
844,3.6,2024-08-14,07:12:29,Manhã,3.7842,9,North America,32.781,-100.703,4,5
845,3.6,2024-08-10,13:34:46,Tarde,0.739,1,North America,31.7045,-101.712,4,2
846,3.6,2024-08-10,13:34:46,Tarde,5.9326,2,North America,31.704,-101.708,4,3
847,3.17,2024-08-09,01:22:19,Noite,2.65,28,North America,35.002,-97.6816,4,5
848,5.4,2024-08-05,19:02:59,Noite,140.0,15,North America,16.9087,-93.8167,4,5
849,3.3,2024-08-03,18:35:24,Noite,6.4075,0,North America,31.673,-104.369,4,0
850,3.4,2024-08-03,17:24:28,Tarde,6.2537,0,North America,31.667,-104.365,4,0
851,3.5,2024-08-03,17:24:28,Tarde,9.657,0,North America,31.647,-104.386,4,0
852,3.6,2024-07-30,17:43:09,Tarde,1.155,1,North America,32.7522,-100.646,4,2
853,3.8,2024-07-30,17:43:08,Tarde,8.1299,10,North America,32.744,-100.649,4,3
854,4.1,2024-07-27,21:08:32,Noite,5.0,53,North America,32.7758,-100.685,5,6
855,4.5,2024-07-27,21:08:31,Noite,3.4424,115,North America,31.475,-103.952,5,7
856,4.8,2024-07-26,14:28:29,Tarde,1.534,171,North America,32.7457,-100.67,6,6
857,5.1,2024-07-26,14:28:29,Tarde,3.2959,2610,North America,32.746,-100.692,6,6
858,4.1,2024-07-25,02:57:43,Noite,5.0,10,North America,32.7632,-100.653,5,4
859,4.0,2024-07-25,02:57:42,Noite,3.0029,27,North America,32.74,-100.732,5,4
860,3.4,2024-07-24,04:44:22,Noite,5.4333,0,North America,31.676,-104.41,4,0
861,4.4,2024-07-23,03:46:25,Noite,3.2959,81,North America,32.769,-100.67,4,5
862,4.9,2024-07-23,03:38:42,Noite,3.1982,1973,North America,32.753,-100.638,5,6
863,4.0,2024-07-23,02:31:04,Noite,6.757,9,North America,31.6529,-104.373,4,4
864,4.2,2024-07-23,02:31:04,Noite,5.5872,45,North America,31.676,-104.407,5,5
865,3.7,2024-07-19,11:21:20,Manhã,6.304,0,North America,32.3377,-101.052,4,0
866,3.6,2024-07-19,11:21:20,Manhã,8.6182,6,North America,32.33,-101.08,4,4
867,3.56,2024-07-15,02:46:58,Noite,6.51,8,North America,36.4763,-98.8056,4,4
868,3.46,2024-07-14,11:08:26,Manhã,6.51,6,North America,36.4766,-98.8086,4,4
869,3.44,2024-07-08,21:00:44,Noite,5.43,2,North America,39.0397,-111.534,3,3
870,3.5,2024-07-03,00:04:35,Noite,5.4077,0,North America,31.666,-104.192,4,0
871,3.5,2024-07-03,00:04:35,Noite,10.052,0,North America,31.6677,-104.195,4,0
872,3.7,2024-07-02,23:39:59,Noite,5.946,0,North America,31.669,-104.195,4,0
873,3.8,2024-07-02,23:39:59,Noite,8.828,0,North America,31.6757,-104.202,4,0
874,3.3,2024-06-26,23:08:56,Noite,7.8369,2,North America,32.15,-101.083,4,2
875,3.4,2024-06-19,23:31:59,Noite,6.2665,0,North America,31.681,-104.183,4,0
876,3.7,2024-06-16,18:47:44,Noite,4.9207,1,North America,31.68,-104.394,4,2
877,3.9,2024-06-16,18:47:43,Noite,5.0,0,North America,31.594,-104.399,4,0
878,3.7,2024-06-02,15:27:51,Tarde,6.0999,0,North America,31.679,-104.194,4,0
879,3.5,2024-06-02,00:04:18,Noite,6.2408,1,North America,31.69,-104.404,4,1
880,4.1,2024-05-28,11:51:10,Manhã,5.9076,9,North America,31.674,-104.189,4,5
881,3.8,2024-05-28,11:51:10,Manhã,3.902,2,North America,31.6733,-104.215,5,5
882,3.9,2024-05-28,02:04:35,Noite,7.5354,1,North America,31.681,-104.201,4,2
883,3.4,2024-05-21,14:06:54,Tarde,6.8433,0,North America,31.616,-104.498,4,0
884,3.8,2024-05-16,08:19:34,Manhã,7.55,276,North America,36.2067,-89.4772,4,6
885,3.8,2024-05-10,20:31:54,Noite,6.1383,1,North America,31.667,-104.196,4,3
886,3.5,2024-05-07,19:46:11,Noite,6.5228,0,North America,31.67,-104.193,4,0
887,3.5,2024-05-07,08:53:25,Manhã,6.2024,1,North America,31.667,-104.312,4,2
888,3.3,2024-05-07,08:47:03,Manhã,6.7151,0,North America,31.657,-104.315,4,0
889,3.5,2024-05-05,02:00:50,Noite,8.0737,0,North America,31.588,-104.546,4,0
890,3.2,2024-05-03,20:11:48,Noite,6.0999,0,North America,31.612,-104.382,4,0
891,3.5,2024-05-03,20:11:48,Noite,5.0,0,North America,31.6125,-104.372,4,0
892,3.8,2024-04-25,20:32:16,Noite,8.7146,0,North America,31.973,-103.318,5,0
893,3.6,2024-04-25,19:36:45,Noite,2.164,0,North America,31.9487,-103.325,5,0
894,3.9,2024-04-25,19:36:44,Noite,7.843,0,North America,31.968,-103.332,4,0
895,5.4,2024-04-21,19:05:14,Noite,10.0,1,North America,18.2141,-105.628,3,1
896,5.6,2024-04-18,15:12:30,Tarde,10.0,7,North America,26.2173,-110.508,7,3
897,3.3,2024-04-15,01:23:47,Noite,3.9722,1,North America,31.583,-104.543,4,3
898,4.4,2024-04-10,18:46:45,Noite,4.7363,147,North America,32.318,-101.82,5,6
899,3.2,2024-04-02,05:00:43,Manhã,7.4841,0,North America,31.585,-104.551,4,0
900,3.4,2024-03-29,02:34:57,Noite,10.0,0,North America,31.0767,-107.436,4,0
901,3.5,2024-03-05,07:37:57,Manhã,5.0,0,North America,32.4267,-102.098,5,0
902,3.8,2024-03-05,07:37:56,Manhã,6.2744,12,North America,32.427,-102.121,4,4
903,3.3,2024-03-04,22:31:07,Noite,6.2024,0,North America,31.682,-104.401,4,0
904,3.3,2024-03-03,09:36:26,Manhã,6.933,0,North America,31.618,-103.986,4,0
905,3.5,2024-03-03,09:15:53,Manhã,6.51,0,North America,31.613,-103.977,4,0
906,3.9,2024-03-03,09:15:23,Manhã,8.4454,4,North America,31.611,-103.99,4,3
907,3.5,2024-02-24,23:50:10,Noite,2.146,11,North America,32.7004,-104.39,5,6
908,3.5,2024-02-23,15:19:33,Tarde,6.3232,15,North America,28.973,-98.038,4,5
909,4.0,2024-02-23,09:47:07,Manhã,4.944,83,North America,32.6365,-104.384,4,4
910,3.3,2024-02-22,11:14:30,Manhã,7.2791,0,North America,31.656,-104.311,4,0
911,3.6,2024-02-22,11:14:30,Manhã,5.0,0,North America,31.646,-104.283,4,0
912,3.7,2024-02-22,06:15:54,Manhã,3.6865,23,North America,29.001,-97.965,5,5
913,3.7,2024-02-17,09:12:04,Manhã,6.8561,1,North America,31.639,-104.011,4,2
914,3.7,2024-02-17,06:34:18,Manhã,8.3252,7,North America,28.963,-97.936,5,3
915,4.7,2024-02-17,06:32:54,Manhã,2.841,304,North America,28.9405,-97.9993,6,5
916,4.7,2024-02-17,06:32:54,Manhã,2.1973,434,North America,28.954,-98.001,6,5
917,4.3,2024-02-17,06:20:22,Manhã,3.0,52,North America,28.9866,-98.0212,6,5
918,4.4,2024-02-17,06:20:21,Manhã,8.4473,68,North America,28.954,-98.005,6,5
919,3.9,2024-02-17,03:49:06,Noite,10.756,21,North America,28.9777,-97.9583,4,5
920,3.9,2024-02-17,03:49:04,Noite,7.9346,41,North America,28.955,-98.01,5,4
921,3.9,2024-02-13,20:08:28,Noite,6.1316,3,North America,31.68,-104.416,4,2
922,3.5,2024-02-12,18:12:26,Noite,6.0999,1,North America,31.655,-104.398,4,3
923,3.8,2024-02-12,08:07:10,Manhã,11.915,10,North America,28.9496,-97.9596,4,4
924,3.7,2024-02-12,08:07:10,Manhã,5.3556,13,North America,28.957,-98.008,5,4
925,4.0,2024-02-08,03:48:06,Noite,7.991,248,North America,28.5574,-78.9438,3,5
926,5.06,2024-02-03,05:24:28,Manhã,3.0,26434,North America,35.5343,-96.7638,7,7
927,5.4,2024-08-26,04:11:38,Noite,17.533,2869,Europe,37.9845,-9.538,4,7
928,5.4,2024-03-14,03:06:47,Noite,16.067,248,Europe,42.9936,18.6796,6,9
929,5.7,2024-09-05,10:38:26,Manhã,222.966,5,South America,-19.1251,-67.3038,3,3
930,5.5,2024-08-21,06:55:16,Manhã,267.235,2,South America,-22.2935,-65.9607,3,4
931,7.4,2024-07-19,01:50:48,Noite,127.291,211,South America,-23.1243,-67.8715,7,7
932,5.6,2024-07-12,18:19:05,Noite,176.0,4,South America,-17.4037,-69.4991,4,3
933,5.8,2024-07-12,09:30:31,Manhã,23.0,3,South America,-15.5726,-74.7689,6,5
934,5.4,2024-07-08,19:33:26,Noite,13.49,2,South America,-15.9895,-74.7421,4,4
935,5.4,2024-06-29,07:22:47,Manhã,21.807,6,South America,-16.1686,-74.3463,5,6
936,6.1,2024-06-29,07:05:32,Manhã,18.0,11,South America,-16.1219,-74.5791,6,7
937,7.2,2024-06-28,05:36:36,Manhã,24.0,120,South America,-15.8106,-74.4447,8,8
938,5.5,2024-06-18,02:22:10,Noite,106.228,9,South America,-3.8887,-76.6968,4,4
939,6.0,2024-06-16,14:47:33,Tarde,27.0,18,South America,-15.9192,-74.5392,6,7
940,6.5,2024-01-28,09:38:56,Manhã,621.081,5,South America,-8.2154,-71.3672,2,3
941,5.3,2024-01-24,08:05:10,Manhã,113.11,1,South America,-22.1579,-68.682,4,2
942,5.3,2024-01-21,02:36:01,Noite,202.477,1,South America,-23.3523,-66.6742,3,2
943,6.6,2024-01-20,21:31:05,Noite,607.0,4,South America,-7.3193,-71.5055,3,4
944,5.4,2024-01-09,16:47:25,Tarde,175.245,0,South America,-21.9201,-67.253,3,0
945,5.6,2023-12-21,16:21:52,Tarde,61.708,21,South America,-21.9025,-70.2778,6,6
946,6.2,2023-12-20,12:11:21,Tarde,93.0,31,South America,-15.9595,-72.6028,5,6
947,5.5,2023-12-11,18:35:59,Noite,191.769,1,South America,-24.1126,-66.8382,3,1
948,5.7,2023-12-10,11:52:50,Manhã,14.0,4,South America,-14.3528,-76.474,5,5
949,5.8,2023-12-02,07:55:41,Manhã,112.0,25,South America,-19.1959,-69.0592,4,5
950,6.0,2023-10-10,10:01:31,Manhã,253.0,5,South America,-22.8844,-66.2242,4,4
951,5.6,2023-10-10,00:13:17,Noite,571.448,1,South America,-23.6067,-63.6564,1,5
952,5.7,2023-09-15,18:07:39,Noite,8.0,0,South America,-27.3252,-71.5543,4,0
953,5.3,2023-09-12,04:58:37,Noite,110.914,16,South America,-20.6514,-68.5222,4,5
954,5.5,2023-09-11,13:37:08,Tarde,21.043,1,South America,-27.1542,-71.2479,5,4
955,6.2,2023-08-23,14:22:43,Tarde,554.0,2,South America,-26.9212,-63.3389,2,1
956,5.4,2023-08-21,05:24:12,Manhã,40.35,37,South America,-3.2512,-79.8994,4,7
957,5.4,2023-08-18,10:27:55,Manhã,23.218,1,South America,-16.1071,-75.0833,4,6
958,5.8,2023-07-06,00:31:56,Noite,135.0,6,South America,-23.9264,-67.9077,4,3
959,5.5,2024-09-16,14:13:47,Tarde,15.711,5,Asia,31.6412,131.796,5,5
960,5.7,2024-09-13,23:03:41,Noite,28.953,5,Asia,29.7999,130.855,4,3
961,6.1,2024-08-15,23:35:53,Noite,14.0,60,Asia,23.784,121.759,6,5
962,5.4,2024-08-15,09:06:45,Manhã,11.732,54,Asia,24.3858,121.917,5,5
963,6.5,2024-08-10,03:28:32,Noite,402.166,6,Asia,47.1777,144.763,3,3
964,5.3,2024-08-08,19:23:31,Noite,18.196,1,Asia,31.8881,131.341,5,2
965,7.1,2024-08-08,07:42:55,Manhã,24.0,43,Asia,31.7491,131.482,8,8
966,5.6,2024-07-18,11:07:34,Manhã,91.0,6,Asia,33.536,140.175,4,3
967,5.4,2024-06-25,08:30:59,Manhã,34.723,1,Asia,33.4887,141.284,3,2
968,5.7,2024-06-02,21:31:39,Noite,9.0,29,Asia,37.4574,137.239,7,7
969,5.5,2024-05-29,17:14:58,Tarde,392.698,4,Asia,32.2768,137.61,3,3
970,5.4,2024-05-21,00:39:39,Noite,59.788,0,Asia,26.1835,141.391,4,0
971,5.8,2024-05-10,07:45:18,Manhã,11.296,24,Asia,24.191,121.899,6,5
972,5.2,2024-05-06,09:52:45,Manhã,28.949,30,Asia,23.7143,121.588,5,8
973,5.6,2024-05-06,09:45:30,Manhã,23.605,36,Asia,23.7257,121.581,6,6
974,5.2,2024-04-26,18:49:29,Noite,40.475,26,Asia,24.2257,121.706,4,5
975,5.7,2024-04-26,18:21:23,Noite,37.767,150,Asia,24.1449,121.674,5,5
976,5.3,2024-04-24,07:22:10,Manhã,10.0,0,Asia,28.7699,142.53,3,0
977,5.8,2024-04-23,00:04:05,Noite,12.0,10,Asia,23.8026,121.676,6,8
978,5.4,2024-04-22,21:31:38,Noite,8.991,0,Asia,23.808,121.634,6,0
979,5.4,2024-04-22,21:04:21,Noite,5.83,0,Asia,23.698,121.574,5,0
980,5.5,2024-04-22,20:49:57,Noite,17.0,2,Asia,23.6512,121.606,6,3
981,6.1,2024-04-22,18:32:48,Noite,10.0,82,Asia,23.8672,121.538,8,7
982,6.1,2024-04-22,18:26:52,Noite,9.0,66,Asia,23.7241,121.641,7,7
983,5.8,2024-04-22,14:11:22,Tarde,8.0,77,Asia,23.7288,121.562,6,5
984,5.6,2024-04-22,10:50:30,Manhã,10.0,22,Asia,23.7158,121.63,6,5
985,5.0,2024-04-22,10:49:06,Manhã,10.0,0,Asia,23.7229,121.638,6,0
986,6.3,2024-04-17,14:14:46,Tarde,32.0,101,Asia,33.1621,132.387,8,8
987,5.9,2024-04-15,22:38:56,Noite,7.556,2,Asia,29.4708,131.736,4,2
988,5.4,2024-04-06,00:12:17,Noite,26.386,0,Asia,40.9054,143.213,3,0
989,6.1,2024-04-04,03:16:30,Noite,29.0,32,Asia,37.7196,141.924,4,4
990,5.7,2024-04-03,02:14:36,Noite,41.798,6,Asia,24.1954,121.932,5,6
991,5.7,2024-04-03,01:39:47,Noite,26.363,2,Asia,23.7873,121.784,5,3
992,5.3,2024-04-03,01:39:35,Noite,16.869,0,Asia,23.8555,121.803,5,1
993,5.6,2024-04-03,00:46:44,Noite,14.297,0,Asia,24.1465,121.743,6,0
994,5.3,2024-04-03,00:43:55,Noite,10.789,0,Asia,23.9598,121.595,6,0
995,5.6,2024-04-03,00:35:36,Noite,15.864,2,Asia,24.1609,121.71,6,7
996,6.4,2024-04-03,00:11:25,Noite,13.931,49,Asia,24.0651,121.673,7,8
997,7.4,2024-04-02,23:58:12,Noite,40.0,638,Asia,23.819,121.562,8,9
998,5.9,2024-04-01,19:24:36,Noite,73.0,15,Asia,40.1385,141.706,5,7
999,5.3,2024-03-18,11:04:41,Manhã,35.0,0,Asia,24.3178,142.875,3,0
1000,5.6,2024-03-15,10:32:50,Manhã,20.0,2,Asia,28.4231,130.134,6,5
1001,5.6,2024-03-14,15:14:35,Tarde,44.0,35,Asia,37.1035,141.143,4,6
1002,5.4,2024-01-26,12:46:16,Tarde,45.09,0,Asia,29.1913,141.553,3,0
1003,5.9,2024-01-09,08:59:10,Manhã,10.0,14,Asia,37.8706,137.708,5,4
1004,5.4,2024-01-02,01:17:31,Noite,6.0,1,Asia,37.2326,136.788,7,2
1005,5.6,2024-01-01,09:08:17,Manhã,10.0,0,Asia,37.5249,137.408,7,0
1006,5.5,2024-01-01,09:03:48,Manhã,10.0,1,Asia,37.5575,137.384,6,6
1007,5.6,2024-01-01,07:56:47,Manhã,10.0,0,Asia,37.2969,136.946,7,0
1008,6.2,2024-01-01,07:18:41,Manhã,10.0,5,Asia,37.1959,136.87,7,9
1009,7.5,2024-01-01,07:10:09,Manhã,10.0,413,Asia,37.4976,137.242,9,9
1010,5.8,2024-01-01,07:06:05,Manhã,10.0,1,Asia,37.5067,137.239,7,4
1011,5.8,2023-11-19,21:01:30,Noite,42.0,11,Asia,41.168,142.247,4,4
1012,5.9,2023-10-23,23:05:24,Noite,31.0,51,Asia,24.0602,122.646,4,6
1013,5.7,2023-10-16,10:42:10,Manhã,13.261,0,Asia,25.1583,125.542,4,0
1014,5.3,2023-10-08,21:17:28,Noite,10.0,1,Asia,29.7869,140.026,3,1
1015,5.4,2023-10-08,21:05:32,Noite,10.0,0,Asia,29.758,140.021,3,0
1016,5.5,2023-10-06,05:49:22,Manhã,10.0,1,Asia,30.1289,140.022,4,1
1017,6.1,2023-10-06,01:31:17,Noite,10.0,1,Asia,30.044,140.005,4,1
1018,5.7,2023-10-05,06:22:12,Manhã,10.0,0,Asia,30.0809,139.98,4,0
1019,5.7,2023-10-05,02:53:13,Noite,10.0,0,Asia,30.0036,139.831,4,0
1020,5.3,2023-10-05,02:15:14,Noite,10.0,0,Asia,29.9804,139.887,3,0
1021,5.4,2023-10-05,02:06:32,Noite,10.0,0,Asia,29.99,139.968,3,0
1022,6.1,2023-10-05,01:59:58,Noite,10.0,2,Asia,29.959,139.948,4,1
1023,5.3,2023-10-04,23:18:09,Noite,10.0,0,Asia,29.8673,140.048,3,0
1024,5.5,2023-10-04,05:57:17,Manhã,8.0,0,Asia,30.786,142.041,3,0
1025,5.6,2023-10-04,04:55:47,Noite,10.0,0,Asia,31.0695,141.884,3,0
1026,5.6,2023-10-04,02:19:06,Noite,10.0,0,Asia,29.9958,140.146,4,0
1027,5.5,2023-10-04,00:13:45,Noite,10.0,0,Asia,30.0215,140.109,4,0
1028,5.8,2023-10-03,15:22:35,Tarde,6.0,0,Asia,29.9105,140.053,4,0
1029,6.0,2023-10-03,11:38:04,Manhã,10.0,1,Asia,29.905,139.967,4,1
1030,5.7,2023-09-21,21:22:12,Noite,12.765,0,Asia,30.9578,141.833,3,0
1031,5.8,2023-09-19,06:22:36,Manhã,8.0,0,Asia,31.0125,141.989,3,0
1032,5.5,2023-09-18,19:33:03,Noite,51.0,15,Asia,38.5129,141.641,4,4
1033,6.3,2023-09-18,13:21:23,Tarde,176.0,42,Asia,26.4336,125.303,4,4
1034,5.2,2023-09-08,09:28:48,Manhã,40.452,6,Asia,38.9566,142.101,4,3
1035,5.9,2023-08-11,00:14:33,Noite,34.0,5,Asia,41.1222,142.845,4,3
1036,5.5,2023-08-06,18:12:41,Noite,12.851,0,Asia,30.7637,131.39,4,0
1037,5.4,2023-08-05,18:33:59,Noite,18.0,48,Asia,37.1933,116.381,7,9
1038,5.4,2023-07-09,13:38:36,Tarde,10.0,0,Asia,24.0074,143.203,3,0
1039,5.8,2023-06-27,23:38:21,Noite,442.0,1,Asia,42.0873,134.055,2,1
1040,5.6,2023-06-23,17:39:13,Tarde,314.0,1,Asia,45.8086,143.124,3,2
1041,3.8,2024-09-01,09:43:36,Manhã,1.108,827,North America,45.9997,-72.8106,5,5
1042,3.17,2024-08-09,01:22:19,Noite,2.65,28,North America,35.002,-97.6816,4,5
1043,3.56,2024-07-15,02:46:58,Noite,6.51,8,North America,36.4763,-98.8056,4,4
1044,3.46,2024-07-14,11:08:26,Manhã,6.51,6,North America,36.4766,-98.8086,4,4
1045,3.8,2024-05-16,08:19:34,Manhã,7.55,276,North America,36.2067,-89.4772,4,6
1046,3.7,2024-04-05,21:59:13,Noite,4.111,12589,North America,40.6849,-74.7347,4,5
1047,4.8,2024-04-05,14:23:20,Tarde,2.624,183786,North America,40.6834,-74.7526,6,6
1048,5.06,2024-02-03,05:24:28,Manhã,3.0,26434,North America,35.5343,-96.7638,7,7
1049,5.1,2024-02-03,05:24:28,Manhã,6.0,382,North America,35.5346,-96.7337,7,6
1050,3.6,2024-01-27,20:39:00,Noite,8.879,35,North America,32.1319,-93.3123,4,4
1051,4.1,2024-01-13,11:36:21,Manhã,6.58,1735,North America,35.6715,-97.41,5,5
1052,4.5,2024-01-13,11:36:21,Manhã,6.354,205,North America,35.6697,-97.417,6,5
1053,4.26,2024-01-13,03:46:28,Noite,6.71,3577,North America,35.6658,-97.3982,6,5
1054,3.4,2023-12-31,16:34:50,Tarde,5.03,41,North America,39.0875,-97.5686,4,4
1055,3.8,2023-12-27,17:46:56,Tarde,11.2,418,North America,35.7697,-90.1955,4,5
1056,3.5,2023-12-10,19:31:18,Noite,5.0,28,North America,40.1656,-98.2907,5,5
1057,3.6,2023-11-15,10:41:55,Manhã,5.688,562,North America,41.241,-89.1766,4,5
1058,4.0,2023-11-11,00:18:41,Noite,5.0,258,North America,39.0497,-97.6164,5,6
1059,3.68,2023-09-25,00:40:31,Noite,19.89,66,North America,34.4833,-97.7798,4,5
1060,3.6,2023-08-28,02:43:26,Noite,5.0,1404,North America,41.7428,-81.0135,5,5
1061,5.7,2024-09-06,10:12:58,Manhã,123.0,3,South America,-28.6825,-69.3728,4,4
1062,5.5,2024-08-21,06:55:16,Manhã,267.235,2,South America,-22.2935,-65.9607,3,4
1063,7.4,2024-07-19,01:50:48,Noite,127.291,211,South America,-23.1243,-67.8715,7,7
1064,5.8,2024-02-14,01:31:41,Noite,28.0,26,South America,-28.9162,-71.5264,6,5
1065,5.4,2024-02-11,21:14:43,Noite,33.936,2,South America,-28.229,-71.3898,5,3
1066,5.3,2024-01-24,08:05:10,Manhã,113.11,1,South America,-22.1579,-68.682,4,2
1067,5.4,2024-01-22,22:30:11,Noite,10.0,0,South America,-30.2226,-72.2289,4,0
1068,5.3,2024-01-21,02:36:01,Noite,202.477,1,South America,-23.3523,-66.6742,3,2
1069,5.4,2024-01-09,16:47:25,Tarde,175.245,0,South America,-21.9201,-67.253,3,0
1070,5.5,2024-01-03,08:04:04,Manhã,117.0,0,South America,-28.4553,-68.9432,4,0
1071,5.8,2023-12-24,03:23:43,Noite,16.0,13,South America,-38.0756,-73.8819,5,4
1072,5.6,2023-12-21,16:21:52,Tarde,61.708,21,South America,-21.9025,-70.2778,6,6
1073,5.5,2023-12-11,18:35:59,Noite,191.769,1,South America,-24.1126,-66.8382,3,1
1074,6.6,2023-10-31,12:33:43,Tarde,34.0,71,South America,-28.7457,-71.5726,7,7
1075,5.4,2023-10-26,21:49:34,Noite,101.15,3,South America,-28.6909,-70.3075,4,4
1076,6.0,2023-10-10,10:01:31,Manhã,253.0,5,South America,-22.8844,-66.2242,4,4
1077,5.6,2023-10-10,00:13:17,Noite,571.448,1,South America,-23.6067,-63.6564,1,5
1078,5.7,2023-09-15,18:07:39,Noite,8.0,0,South America,-27.3252,-71.5543,4,0
1079,5.3,2023-09-12,04:58:37,Noite,110.914,16,South America,-20.6514,-68.5222,4,5
1080,5.5,2023-09-11,13:37:08,Tarde,21.043,1,South America,-27.1542,-71.2479,5,4
1081,6.3,2023-09-06,23:48:04,Noite,36.0,80,South America,-30.2775,-71.536,6,6
1082,6.2,2023-08-23,14:22:43,Tarde,554.0,2,South America,-26.9212,-63.3389,2,1
1083,6.2,2023-08-05,07:20:06,Manhã,575.0,1,South America,-28.2143,-63.1854,2,1
1084,6.6,2023-07-17,03:05:11,Noite,186.0,350,South America,-38.1911,-70.3731,4,7
1085,5.7,2023-07-09,17:11:33,Tarde,99.0,137,South America,-33.2122,-70.3268,5,6
1086,5.8,2023-07-06,00:31:56,Noite,135.0,6,South America,-23.9264,-67.9077,4,3
1087,5.6,2024-04-18,15:11:25,Tarde,16.0,11,Asia,39.9972,35.9796,6,7
1088,5.8,2024-03-29,07:12:48,Manhã,26.873,30,Europe,37.3286,21.3156,5,7
1089,5.4,2024-03-14,03:06:47,Noite,16.067,248,Europe,42.9936,18.6796,6,9
1090,5.4,2023-12-07,04:15:39,Noite,39.269,65,Asia,41.1549,49.7415,4,4
1091,4.8,2023-11-10,15:36:29,Tarde,10.0,1,Asia,32.797,47.6372,5,3
1092,5.2,2023-08-10,17:48:01,Tarde,10.0,12,Asia,38.2787,38.2053,6,6
1093,5.5,2023-07-25,05:44:51,Manhã,13.116,29,Asia,37.5831,35.9568,6,6
1094,5.3,2023-07-03,20:01:49,Noite,53.0,116,Asia,41.746,49.2837,4,7
1095,5.4,2024-08-26,04:11:38,Noite,17.533,2869,Europe,37.9845,-9.538,4,7
1096,5.8,2024-03-29,07:12:48,Manhã,26.873,30,Europe,37.3286,21.3156,5,7
1097,5.4,2024-03-14,03:06:47,Noite,16.067,248,Europe,42.9936,18.6796,6,9
1098,5.4,2024-01-25,17:00:43,Tarde,10.0,12,Africa,11.7428,43.3665,4,4
1099,5.4,2023-12-05,20:19:53,Noite,10.0,0,Asia,12.3388,47.4968,3,0
1100,5.6,2023-12-05,07:31:33,Manhã,9.0,0,Asia,12.2855,47.4426,4,0
1101,5.2,2023-10-26,19:00:25,Noite,9.462,1,Africa,-7.3035,27.9327,7,4
1102,5.5,2023-08-08,15:31:18,Tarde,7.0,4,Africa,-5.4123,34.9183,7,4
1103,5.5,2023-11-21,05:10:26,Manhã,10.0,0,Africa,0.9561,-29.0181,4,0
1104,5.4,2024-09-11,07:27:59,Manhã,10.0,102,Asia,31.1773,70.6295,6,8
1105,5.4,2024-08-29,05:56:40,Manhã,224.338,6,Asia,36.543,71.2681,4,4
1106,5.1,2024-05-20,05:10:23,Manhã,29.068,2,Asia,40.14,77.0348,5,3
1107,5.5,2024-04-13,05:44:39,Manhã,10.0,0,Asia,33.5485,81.8909,7,0
1108,5.4,2024-04-10,14:56:17,Tarde,8.0,0,Asia,42.0113,82.6416,6,0
1109,5.3,2024-03-19,21:27:01,Noite,6.0,14,Asia,29.7252,65.3575,7,4
1110,5.5,2024-03-19,00:35:18,Noite,8.0,12,Asia,29.7645,65.3645,7,5
1111,5.1,2024-03-05,04:20:14,Noite,38.577,0,Asia,27.1043,59.3301,4,0
1112,5.4,2024-02-25,04:15:00,Noite,10.0,14,Asia,41.1648,78.4389,6,4
1113,5.7,2024-01-29,22:27:41,Noite,10.0,10,Asia,41.1867,78.7155,7,3
1114,5.3,2024-01-23,01:18:40,Noite,3.426,2,Asia,41.2706,78.8219,7,4
1115,5.1,2024-01-22,23:19:25,Noite,7.148,4,Asia,41.2186,78.724,6,4
1116,5.5,2024-01-22,19:36:47,Noite,10.0,2,Asia,41.1979,78.6168,7,5
1117,5.4,2024-01-22,18:42:33,Noite,10.0,3,Asia,41.3326,78.7686,6,4
1118,5.8,2024-01-22,18:14:16,Noite,10.0,2,Asia,41.2946,78.6076,7,8
1119,7.0,2024-01-22,18:09:04,Noite,13.0,482,Asia,41.2938,78.5937,9,9
1120,6.4,2024-01-11,09:20:26,Manhã,204.0,111,Asia,36.5061,70.5994,4,5
1121,5.1,2023-12-18,10:18:52,Manhã,10.0,8,Asia,33.2109,76.7733,6,5
1122,5.3,2023-11-07,18:09:48,Noite,7.204,1,Asia,40.5164,77.7055,7,3
1123,5.7,2023-11-03,18:02:53,Noite,12.0,372,Asia,28.8879,82.195,8,7
1124,5.2,2023-10-22,01:54:21,Noite,25.706,87,Asia,27.8679,84.7191,5,4
1125,5.3,2023-10-17,16:26:49,Tarde,10.0,5,Asia,27.7439,56.0776,7,4
1126,5.0,2023-10-17,08:22:11,Manhã,10.0,2,Asia,27.6888,56.0903,6,5
1127,5.5,2023-10-17,05:10:03,Manhã,10.0,7,Asia,27.7363,56.1369,7,4
1128,5.4,2023-10-15,03:56:28,Noite,10.0,0,Asia,34.6012,62.1031,7,0
1129,6.3,2023-10-15,03:36:00,Noite,9.0,28,Asia,34.6171,62.0517,8,8
1130,6.3,2023-10-11,00:41:55,Noite,8.0,54,Asia,34.5798,62.0717,8,7
1131,5.9,2023-10-07,07:40:30,Manhã,12.48,3,Asia,34.6391,62.0327,7,5
1132,6.3,2023-10-07,07:12:49,Manhã,8.0,11,Asia,34.5492,61.884,8,9
1133,5.4,2023-10-07,06:49:41,Manhã,10.257,0,Asia,34.5414,61.9547,7,0
1134,6.3,2023-10-07,06:41:03,Manhã,14.0,19,Asia,34.6259,61.926,8,8
1135,5.7,2023-10-03,09:21:03,Manhã,13.0,131,Asia,29.5163,81.2118,7,8
1136,5.8,2023-08-05,16:01:49,Tarde,209.0,25,Asia,36.4512,70.7023,4,5
